trade_id,asset_pair,entry_timestamp,exit_timestamp,position_type_long_short,profit_loss_percentage,max_drawdown_percentage
TR_10000,NVDA,2026-01-05T09:31:06.553476,2026-01-06T22:43:06.553476,Long,9.8924,4.15
TR_10001,ETHUSD,2026-01-05T11:27:13.553476,2026-01-08T11:22:13.553476,Short,-0.1455,0.1701
TR_10002,SOLUSD,2026-01-05T15:41:52.553476,2026-01-10T06:49:52.553476,Long,-1.7347,2.8128
TR_10003,ETHUSD,2026-01-05T19:41:27.553476,2026-01-10T15:56:27.553476,Short,11.6641,1.5591
TR_10004,NVDA,2026-01-05T22:38:36.553476,2026-01-06T15:58:36.553476,Long,-3.3046,4.8143
TR_10005,AAPL,2026-01-06T06:24:28.553476,2026-01-10T00:24:28.553476,Short,4.5882,1.0281
TR_10006,EURUSD,2026-01-06T15:32:18.553476,2026-01-09T21:54:18.553476,Short,7.919,0.4709
TR_10007,EURUSD,2026-01-06T18:55:26.553476,2026-01-11T17:07:26.553476,Long,-2.1709,2.6354
TR_10008,TSLA,2026-01-06T20:20:15.553476,2026-01-09T07:40:15.553476,Short,9.884,0.6865
TR_10009,NVDA,2026-01-06T23:45:36.553476,2026-01-11T10:09:36.553476,Short,5.7422,1.5789
TR_10010,BTCUSD,2026-01-07T17:20:05.553476,2026-01-10T07:29:05.553476,Short,-0.8999,1.0196
TR_10011,BTCUSD,2026-01-08T03:03:36.553476,2026-01-10T11:42:36.553476,Short,3.3837,2.3772
TR_10012,AAPL,2026-01-08T05:19:59.553476,2026-01-09T00:12:59.553476,Short,12.1196,3.9444
TR_10013,NVDA,2026-01-08T05:24:39.553476,2026-01-12T15:04:39.553476,Long,-2.2806,4.8171
TR_10014,AAPL,2026-01-08T08:51:05.553476,2026-01-10T13:43:05.553476,Long,-2.5154,5.7509
TR_10015,ETHUSD,2026-01-08T16:25:54.553476,2026-01-12T13:47:54.553476,Short,11.7667,1.1207
TR_10016,ETHUSD,2026-01-08T20:39:21.553476,2026-01-12T15:15:21.553476,Short,0.8653,0.4725
TR_10017,ETHUSD,2026-01-09T01:22:59.553476,2026-01-12T07:16:59.553476,Long,10.5023,4.2707
TR_10018,SOLUSD,2026-01-09T03:30:39.553476,2026-01-09T16:40:39.553476,Long,-0.3138,0.6902
TR_10019,SOLUSD,2026-01-09T08:57:29.553476,2026-01-10T15:22:29.553476,Long,-1.842,3.7219
TR_10020,BTCUSD,2026-01-09T09:24:02.553476,2026-01-11T03:07:02.553476,Long,2.4801,1.1941
TR_10021,ETHUSD,2026-01-09T19:51:50.553476,2026-01-11T05:16:50.553476,Long,7.9468,2.5053
TR_10022,SOLUSD,2026-01-09T20:17:18.553476,2026-01-13T08:32:18.553476,Long,3.4661,0.7359
TR_10023,AAPL,2026-01-09T22:00:55.553476,2026-01-10T01:30:55.553476,Long,-0.4418,0.8915
TR_10024,MSFT,2026-01-09T22:54:52.553476,2026-01-14T21:19:52.553476,Long,-2.7602,3.8438
TR_10025,NVDA,2026-01-10T06:27:59.553476,2026-01-11T07:43:59.553476,Short,-0.8352,1.7425
TR_10026,SOLUSD,2026-01-10T08:00:55.553476,2026-01-12T23:55:55.553476,Short,1.0218,0.4234
TR_10027,AAPL,2026-01-10T10:52:01.553476,2026-01-14T19:10:01.553476,Short,-0.1452,0.2041
TR_10028,TSLA,2026-01-10T12:43:13.553476,2026-01-13T20:05:13.553476,Long,10.5021,0.2649
TR_10029,TSLA,2026-01-10T16:31:58.553476,2026-01-12T02:37:58.553476,Long,5.8778,1.2169
TR_10030,ETHUSD,2026-01-10T21:43:39.553476,2026-01-15T03:38:39.553476,Short,-3.0979,3.9669
TR_10031,EURUSD,2026-01-11T03:23:54.553476,2026-01-13T23:17:54.553476,Long,-0.771,0.8601
TR_10032,SOLUSD,2026-01-11T03:47:12.553476,2026-01-14T20:47:12.553476,Long,7.6743,3.332
TR_10033,AAPL,2026-01-11T05:51:53.553476,2026-01-13T08:34:53.553476,Long,5.5993,0.6569
TR_10034,BTCUSD,2026-01-12T01:45:43.553476,2026-01-15T20:15:43.553476,Short,7.8249,3.2074
TR_10035,AAPL,2026-01-12T08:56:20.553476,2026-01-16T16:38:20.553476,Long,9.2067,0.0556
TR_10036,EURUSD,2026-01-12T14:15:39.553476,2026-01-16T08:48:39.553476,Short,4.7862,0.5811
TR_10037,NVDA,2026-01-12T18:38:20.553476,2026-01-16T16:06:20.553476,Short,-3.609,4.7173
TR_10038,EURUSD,2026-01-12T22:01:25.553476,2026-01-15T15:38:25.553476,Short,7.7192,1.0493
TR_10039,MSFT,2026-01-12T23:25:27.553476,2026-01-16T19:43:27.553476,Long,6.7576,0.0764
TR_10040,ETHUSD,2026-01-13T02:38:14.553476,2026-01-14T08:34:14.553476,Long,-1.0936,1.1477
TR_10041,ETHUSD,2026-01-13T02:59:03.553476,2026-01-16T05:23:03.553476,Long,-3.4495,6.3058
TR_10042,EURUSD,2026-01-13T03:20:02.553476,2026-01-15T12:09:02.553476,Long,-2.7899,4.1903
TR_10043,BTCUSD,2026-01-13T12:27:00.553476,2026-01-16T09:57:00.553476,Long,11.8056,3.8568
TR_10044,ETHUSD,2026-01-13T13:01:15.553476,2026-01-16T08:28:15.553476,Short,-2.5355,2.6097
TR_10045,SOLUSD,2026-01-14T00:44:53.553476,2026-01-15T00:15:53.553476,Short,-2.5207,2.9014
TR_10046,SOLUSD,2026-01-14T04:31:24.553476,2026-01-14T05:43:24.553476,Short,-2.9043,6.3548
TR_10047,BTCUSD,2026-01-14T13:04:06.553476,2026-01-16T18:50:06.553476,Long,-3.1026,4.3381
TR_10048,MSFT,2026-01-14T16:31:57.553476,2026-01-19T12:29:57.553476,Long,1.1999,0.8116
TR_10049,ETHUSD,2026-01-14T19:42:25.553476,2026-01-18T08:58:25.553476,Short,4.5296,2.5131
TR_10050,EURUSD,2026-01-15T14:44:38.553476,2026-01-18T13:25:38.553476,Long,-0.2719,0.3715
TR_10051,BTCUSD,2026-01-15T19:35:25.553476,2026-01-18T02:31:25.553476,Long,2.7513,0.7766
TR_10052,AAPL,2026-01-15T23:55:02.553476,2026-01-17T15:57:02.553476,Short,-2.1179,2.6637
TR_10053,EURUSD,2026-01-16T03:33:22.553476,2026-01-16T18:12:22.553476,Short,-3.7865,9.3215
TR_10054,BTCUSD,2026-01-16T07:31:43.553476,2026-01-19T16:20:43.553476,Long,-0.588,0.9007
TR_10055,BTCUSD,2026-01-16T09:48:05.553476,2026-01-21T02:03:05.553476,Short,-1.1669,1.4032
TR_10056,SOLUSD,2026-01-16T10:01:22.553476,2026-01-20T21:05:22.553476,Short,6.4593,3.6635
TR_10057,NVDA,2026-01-16T14:29:22.553476,2026-01-21T12:36:22.553476,Long,1.2798,0.6355
TR_10058,NVDA,2026-01-16T21:17:00.553476,2026-01-19T16:56:00.553476,Short,-1.9138,2.2054
TR_10059,NVDA,2026-01-17T00:44:14.553476,2026-01-20T06:48:14.553476,Short,-3.9777,8.8388
TR_10060,MSFT,2026-01-17T09:15:25.553476,2026-01-18T05:42:25.553476,Short,3.1687,2.1015
TR_10061,MSFT,2026-01-17T09:22:20.553476,2026-01-21T12:00:20.553476,Long,2.1598,0.0265
TR_10062,MSFT,2026-01-17T12:56:35.553476,2026-01-20T22:28:35.553476,Short,5.8242,3.721
TR_10063,ETHUSD,2026-01-17T18:40:08.553476,2026-01-20T05:24:08.553476,Short,-0.1561,0.2922
TR_10064,NVDA,2026-01-18T03:49:32.553476,2026-01-20T00:01:32.553476,Long,-0.1671,0.2958
TR_10065,NVDA,2026-01-18T05:40:23.553476,2026-01-19T21:28:23.553476,Long,5.5859,1.5285
TR_10066,TSLA,2026-01-18T08:58:04.553476,2026-01-21T05:50:04.553476,Short,2.9383,1.4016
TR_10067,NVDA,2026-01-18T09:04:55.553476,2026-01-18T22:54:55.553476,Short,-1.6363,3.2668
TR_10068,NVDA,2026-01-18T09:43:34.553476,2026-01-22T07:07:34.553476,Short,10.5113,0.77
TR_10069,EURUSD,2026-01-18T11:15:36.553476,2026-01-23T10:34:36.553476,Short,-3.0386,6.4388
TR_10070,BTCUSD,2026-01-18T17:59:50.553476,2026-01-19T05:26:50.553476,Long,-3.773,5.7651
TR_10071,NVDA,2026-01-18T18:16:46.553476,2026-01-20T00:24:46.553476,Long,5.7056,3.43
TR_10072,AAPL,2026-01-18T20:37:24.553476,2026-01-23T14:15:24.553476,Short,2.1857,1.2993
TR_10073,AAPL,2026-01-18T22:25:35.553476,2026-01-19T21:42:35.553476,Long,-1.2441,2.1425
TR_10074,TSLA,2026-01-19T13:32:52.553476,2026-01-21T04:31:52.553476,Long,-2.4191,4.0186
TR_10075,BTCUSD,2026-01-19T15:02:32.553476,2026-01-23T09:06:32.553476,Long,-3.7004,8.9223
TR_10076,EURUSD,2026-01-19T15:58:02.553476,2026-01-20T22:10:02.553476,Short,-3.3471,8.3589
TR_10077,TSLA,2026-01-19T18:28:09.553476,2026-01-22T19:44:09.553476,Short,-3.6881,8.7312
TR_10078,BTCUSD,2026-01-19T20:30:10.553476,2026-01-24T09:18:10.553476,Long,1.0683,0.5325
TR_10079,TSLA,2026-01-19T20:39:29.553476,2026-01-23T05:33:29.553476,Short,-3.7126,5.9568
TR_10080,BTCUSD,2026-01-20T05:56:30.553476,2026-01-23T10:42:30.553476,Long,-3.8339,8.6038
TR_10081,SOLUSD,2026-01-20T12:50:48.553476,2026-01-21T02:03:48.553476,Long,5.3573,1.7614
TR_10082,MSFT,2026-01-20T18:51:25.553476,2026-01-22T01:02:25.553476,Short,-0.5125,0.537
TR_10083,AAPL,2026-01-20T22:21:40.553476,2026-01-23T10:48:40.553476,Short,-0.3554,0.3823
TR_10084,BTCUSD,2026-01-20T22:30:00.553476,2026-01-23T20:02:00.553476,Long,6.9456,3.0824
TR_10085,ETHUSD,2026-01-20T23:29:30.553476,2026-01-21T10:16:30.553476,Short,4.3832,3.4245
TR_10086,BTCUSD,2026-01-21T13:53:46.553476,2026-01-22T12:43:46.553476,Short,11.941,4.1331
TR_10087,ETHUSD,2026-01-21T21:06:20.553476,2026-01-25T17:55:20.553476,Short,8.1329,3.6704
TR_10088,TSLA,2026-01-21T22:48:43.553476,2026-01-23T17:29:43.553476,Short,-3.0471,4.2292
TR_10089,TSLA,2026-01-22T01:16:05.553476,2026-01-25T21:01:05.553476,Long,-0.2225,0.4804
TR_10090,TSLA,2026-01-22T03:23:53.553476,2026-01-22T07:45:53.553476,Short,-1.555,1.6549
TR_10091,MSFT,2026-01-22T04:30:39.553476,2026-01-25T13:12:39.553476,Long,12.334,1.7169
TR_10092,ETHUSD,2026-01-22T05:06:55.553476,2026-01-23T13:41:55.553476,Long,-0.9705,2.3938
TR_10093,ETHUSD,2026-01-22T06:22:14.553476,2026-01-26T11:35:14.553476,Long,-3.0246,4.1961
TR_10094,MSFT,2026-01-22T08:37:10.553476,2026-01-22T20:51:10.553476,Long,-1.8893,3.0995
TR_10095,AAPL,2026-01-22T08:51:41.553476,2026-01-23T10:31:41.553476,Short,10.7989,0.9422
TR_10096,BTCUSD,2026-01-22T12:06:17.553476,2026-01-22T16:37:17.553476,Short,9.1772,2.7553
TR_10097,TSLA,2026-01-22T13:21:22.553476,2026-01-26T17:01:22.553476,Short,10.6796,1.4746
TR_10098,SOLUSD,2026-01-22T16:47:49.553476,2026-01-27T09:22:49.553476,Long,7.3948,3.3721
TR_10099,TSLA,2026-01-23T00:23:18.553476,2026-01-24T16:59:18.553476,Long,-2.4333,3.9163
TR_10100,BTCUSD,2026-01-23T11:13:23.553476,2026-01-26T20:55:23.553476,Long,11.8869,0.4254
TR_10101,BTCUSD,2026-01-23T12:02:10.553476,2026-01-26T09:17:10.553476,Long,1.0366,0.0463
TR_10102,ETHUSD,2026-01-23T16:24:54.553476,2026-01-27T12:36:54.553476,Long,8.908,0.3077
TR_10103,EURUSD,2026-01-23T18:43:01.553476,2026-01-25T12:17:01.553476,Short,2.4723,0.8656
TR_10104,ETHUSD,2026-01-24T03:21:28.553476,2026-01-26T02:41:28.553476,Long,-3.9411,5.0968
TR_10105,TSLA,2026-01-24T13:54:33.553476,2026-01-25T10:36:33.553476,Short,10.9941,1.6974
TR_10106,AAPL,2026-01-24T17:29:43.553476,2026-01-26T00:30:43.553476,Short,5.8738,0.646
TR_10107,NVDA,2026-01-24T21:39:39.553476,2026-01-28T18:39:39.553476,Short,-0.8472,0.8808
TR_10108,TSLA,2026-01-25T09:41:35.553476,2026-01-27T14:27:35.553476,Long,-0.7587,1.332
TR_10109,EURUSD,2026-01-25T11:05:39.553476,2026-01-30T08:01:39.553476,Long,1.2342,0.5402
TR_10110,BTCUSD,2026-01-25T14:37:37.553476,2026-01-30T11:48:37.553476,Long,12.0815,4.4147
TR_10111,TSLA,2026-01-25T15:35:17.553476,2026-01-30T00:25:17.553476,Long,0.3726,0.2605
TR_10112,NVDA,2026-01-25T17:53:50.553476,2026-01-28T09:24:50.553476,Short,3.2953,2.5387
TR_10113,SOLUSD,2026-01-26T05:54:39.553476,2026-01-28T01:03:39.553476,Long,4.0411,2.6657
TR_10114,EURUSD,2026-01-26T06:23:49.553476,2026-01-28T16:26:49.553476,Short,-1.3195,2.9372
TR_10115,AAPL,2026-01-26T07:48:59.553476,2026-01-28T22:57:59.553476,Short,-2.3978,5.3253
TR_10116,NVDA,2026-01-26T11:38:13.553476,2026-01-30T02:00:13.553476,Long,8.28,4.4942
TR_10117,MSFT,2026-01-26T13:23:28.553476,2026-01-28T22:24:28.553476,Short,6.3365,3.855
TR_10118,EURUSD,2026-01-26T14:55:00.553476,2026-01-27T21:47:00.553476,Long,10.3511,2.5679
TR_10119,TSLA,2026-01-26T16:23:49.553476,2026-01-29T21:27:49.553476,Short,-0.2251,0.4506
TR_10120,AAPL,2026-01-27T02:12:41.553476,2026-01-28T03:51:41.553476,Short,9.9937,2.495
TR_10121,TSLA,2026-01-27T05:13:28.553476,2026-01-29T14:51:28.553476,Short,2.5515,0.2086
TR_10122,BTCUSD,2026-01-27T08:56:44.553476,2026-02-01T02:35:44.553476,Long,11.1617,1.0471
TR_10123,BTCUSD,2026-01-27T09:08:17.553476,2026-01-28T17:01:17.553476,Long,2.26,0.204
TR_10124,SOLUSD,2026-01-27T14:40:09.553476,2026-01-29T01:15:09.553476,Short,6.7233,1.1188
TR_10125,EURUSD,2026-01-27T16:53:43.553476,2026-01-30T11:52:43.553476,Long,5.2589,0.1224
TR_10126,TSLA,2026-01-28T02:26:45.553476,2026-01-31T16:16:45.553476,Short,7.8465,0.0128
TR_10127,SOLUSD,2026-01-28T04:43:48.553476,2026-01-31T06:03:48.553476,Long,9.9134,1.8243
TR_10128,ETHUSD,2026-01-28T07:28:17.553476,2026-01-29T13:22:17.553476,Short,-0.8908,1.6369
TR_10129,EURUSD,2026-01-28T20:26:02.553476,2026-01-31T11:14:02.553476,Long,8.942,3.8284
TR_10130,SOLUSD,2026-01-28T21:09:30.553476,2026-02-02T14:53:30.553476,Short,-0.1818,0.2389
TR_10131,BTCUSD,2026-01-28T22:17:39.553476,2026-02-01T21:01:39.553476,Long,-3.0441,3.7102
TR_10132,AAPL,2026-01-29T18:56:12.553476,2026-01-30T04:20:12.553476,Long,-2.927,4.02
TR_10133,TSLA,2026-01-30T03:46:40.553476,2026-02-01T17:49:40.553476,Short,4.745,1.7852
TR_10134,NVDA,2026-01-30T06:57:22.553476,2026-01-31T20:28:22.553476,Long,-0.4135,0.8144
TR_10135,EURUSD,2026-01-30T13:06:15.553476,2026-02-03T02:59:15.553476,Long,11.0554,4.0815
TR_10136,TSLA,2026-01-30T19:47:20.553476,2026-01-30T23:37:20.553476,Short,-0.9413,1.5395
TR_10137,TSLA,2026-01-31T03:43:54.553476,2026-02-04T13:10:54.553476,Short,0.5387,0.2432
TR_10138,ETHUSD,2026-01-31T04:44:32.553476,2026-02-02T12:01:32.553476,Long,-3.0034,3.1144
TR_10139,SOLUSD,2026-01-31T05:19:48.553476,2026-02-02T19:13:48.553476,Short,-1.0235,2.5339
TR_10140,NVDA,2026-01-31T14:35:54.553476,2026-02-04T18:48:54.553476,Short,-2.4661,4.0629
TR_10141,NVDA,2026-01-31T15:34:31.553476,2026-02-04T11:20:31.553476,Long,-1.1955,2.598
TR_10142,TSLA,2026-02-01T10:44:33.553476,2026-02-03T11:53:33.553476,Long,-3.1937,3.2336
TR_10143,EURUSD,2026-02-01T12:34:51.553476,2026-02-06T02:37:51.553476,Long,-0.6462,1.2681
TR_10144,AAPL,2026-02-01T14:13:06.553476,2026-02-04T18:52:06.553476,Long,5.3263,4.1604
TR_10145,BTCUSD,2026-02-01T20:05:05.553476,2026-02-04T21:40:05.553476,Long,-1.5235,3.6485
TR_10146,SOLUSD,2026-02-02T00:09:50.553476,2026-02-05T02:48:50.553476,Long,5.8754,4.3421
TR_10147,BTCUSD,2026-02-02T00:29:40.553476,2026-02-02T15:24:40.553476,Short,-1.6576,2.6246
TR_10148,ETHUSD,2026-02-02T08:16:23.553476,2026-02-02T23:00:23.553476,Short,4.2593,3.2366
TR_10149,SOLUSD,2026-02-02T13:48:54.553476,2026-02-03T12:33:54.553476,Short,7.0148,3.5901
TR_10150,BTCUSD,2026-02-02T15:39:40.553476,2026-02-05T13:40:40.553476,Long,10.3903,3.6641
TR_10151,EURUSD,2026-02-02T20:24:18.553476,2026-02-07T11:31:18.553476,Short,11.7372,1.3915
TR_10152,MSFT,2026-02-02T22:05:25.553476,2026-02-04T21:21:25.553476,Short,2.1375,0.7601
TR_10153,BTCUSD,2026-02-02T22:16:35.553476,2026-02-07T16:24:35.553476,Long,9.9105,3.7333
TR_10154,SOLUSD,2026-02-02T22:40:37.553476,2026-02-07T12:19:37.553476,Long,3.9661,2.9877
TR_10155,EURUSD,2026-02-02T23:29:30.553476,2026-02-07T13:44:30.553476,Short,3.6861,1.96
TR_10156,ETHUSD,2026-02-03T18:21:30.553476,2026-02-06T13:31:30.553476,Long,3.1506,1.8618
TR_10157,EURUSD,2026-02-03T19:57:05.553476,2026-02-03T21:03:05.553476,Long,3.9056,0.8725
TR_10158,MSFT,2026-02-03T20:05:58.553476,2026-02-08T00:29:58.553476,Long,-0.8346,0.9361
TR_10159,SOLUSD,2026-02-03T20:39:32.553476,2026-02-07T10:46:32.553476,Short,9.6647,2.5102
TR_10160,EURUSD,2026-02-04T01:46:55.553476,2026-02-06T12:28:55.553476,Long,4.1766,2.8209
TR_10161,SOLUSD,2026-02-04T08:31:11.553476,2026-02-06T06:00:11.553476,Short,-1.3084,2.2503
TR_10162,NVDA,2026-02-04T09:20:10.553476,2026-02-05T15:31:10.553476,Long,5.1962,1.2219
TR_10163,MSFT,2026-02-04T11:26:31.553476,2026-02-06T09:29:31.553476,Short,-2.5703,5.3589
TR_10164,NVDA,2026-02-04T13:12:35.553476,2026-02-06T23:20:35.553476,Long,0.6783,0.099
TR_10165,NVDA,2026-02-04T14:30:51.553476,2026-02-09T11:32:51.553476,Short,5.7746,1.0926
TR_10166,EURUSD,2026-02-04T14:55:50.553476,2026-02-06T13:23:50.553476,Long,11.6304,3.2433
TR_10167,BTCUSD,2026-02-04T18:39:35.553476,2026-02-06T11:49:35.553476,Long,-0.9555,1.8519
TR_10168,MSFT,2026-02-04T21:00:50.553476,2026-02-09T03:05:50.553476,Long,6.6975,2.2763
TR_10169,TSLA,2026-02-05T04:01:22.553476,2026-02-07T06:00:22.553476,Long,9.5607,1.8752
TR_10170,SOLUSD,2026-02-05T10:40:23.553476,2026-02-09T01:30:23.553476,Short,8.4149,4.4585
TR_10171,NVDA,2026-02-05T13:50:08.553476,2026-02-10T07:29:08.553476,Long,9.0835,3.3257
TR_10172,EURUSD,2026-02-05T15:43:54.553476,2026-02-06T21:24:54.553476,Long,11.8715,1.4104
TR_10173,SOLUSD,2026-02-05T16:14:58.553476,2026-02-06T07:38:58.553476,Short,11.8879,1.0967
TR_10174,AAPL,2026-02-05T18:45:16.553476,2026-02-09T05:18:16.553476,Long,2.1289,0.6282
TR_10175,TSLA,2026-02-05T20:24:47.553476,2026-02-08T09:31:47.553476,Long,2.1253,0.7655
TR_10176,MSFT,2026-02-06T00:35:41.553476,2026-02-07T09:09:41.553476,Short,1.1267,0.0931
TR_10177,TSLA,2026-02-06T12:50:05.553476,2026-02-09T22:59:05.553476,Long,-3.4121,4.4238
TR_10178,SOLUSD,2026-02-06T13:34:05.553476,2026-02-10T11:39:05.553476,Long,9.0751,1.0338
TR_10179,MSFT,2026-02-06T15:00:10.553476,2026-02-11T02:21:10.553476,Short,3.5123,1.6798
TR_10180,ETHUSD,2026-02-07T02:34:32.553476,2026-02-11T16:36:32.553476,Long,-3.4412,4.015
TR_10181,SOLUSD,2026-02-07T13:36:05.553476,2026-02-09T03:30:05.553476,Short,-0.85,1.5622
TR_10182,AAPL,2026-02-07T14:10:47.553476,2026-02-09T07:31:47.553476,Short,-2.5951,4.0143
TR_10183,NVDA,2026-02-07T14:20:10.553476,2026-02-08T10:38:10.553476,Short,-0.4485,1.058
TR_10184,MSFT,2026-02-07T17:29:09.553476,2026-02-10T10:43:09.553476,Long,7.3691,0.1106
TR_10185,SOLUSD,2026-02-07T20:18:56.553476,2026-02-08T00:26:56.553476,Short,-2.9892,3.4301
TR_10186,AAPL,2026-02-08T03:32:42.553476,2026-02-11T11:43:42.553476,Long,9.1127,2.3607
TR_10187,NVDA,2026-02-08T08:00:25.553476,2026-02-11T17:26:25.553476,Short,3.961,1.3415
TR_10188,AAPL,2026-02-08T09:15:17.553476,2026-02-10T12:59:17.553476,Short,-1.8106,1.8272
TR_10189,BTCUSD,2026-02-08T11:20:06.553476,2026-02-08T18:17:06.553476,Long,-1.0717,1.3656
TR_10190,ETHUSD,2026-02-08T17:26:23.553476,2026-02-10T16:07:23.553476,Long,-3.0644,6.7864
TR_10191,NVDA,2026-02-09T05:32:45.553476,2026-02-09T18:40:45.553476,Long,-2.8245,2.927
TR_10192,TSLA,2026-02-09T13:52:18.553476,2026-02-13T02:35:18.553476,Short,2.4208,1.4293
TR_10193,AAPL,2026-02-09T16:29:20.553476,2026-02-11T15:45:20.553476,Long,-1.1575,2.3845
TR_10194,BTCUSD,2026-02-09T20:03:50.553476,2026-02-11T08:17:50.553476,Short,1.6983,0.071
TR_10195,BTCUSD,2026-02-10T01:30:17.553476,2026-02-14T22:33:17.553476,Short,-1.4837,1.8985
TR_10196,ETHUSD,2026-02-10T03:42:31.553476,2026-02-10T07:29:31.553476,Long,2.5561,2.0008
TR_10197,EURUSD,2026-02-10T05:05:01.553476,2026-02-13T15:51:01.553476,Short,2.3268,0.762
TR_10198,MSFT,2026-02-11T00:26:10.553476,2026-02-12T22:41:10.553476,Short,-0.1417,0.1832
TR_10199,EURUSD,2026-02-11T04:26:28.553476,2026-02-12T14:42:28.553476,Long,5.6148,2.1243
TR_10200,EURUSD,2026-02-11T11:26:41.553476,2026-02-12T21:18:41.553476,Short,11.0673,1.2467
TR_10201,MSFT,2026-02-11T12:11:36.553476,2026-02-12T23:06:36.553476,Short,-3.7147,8.4842
TR_10202,NVDA,2026-02-11T12:36:01.553476,2026-02-15T21:28:01.553476,Short,-1.3194,2.2237
TR_10203,TSLA,2026-02-11T14:06:55.553476,2026-02-16T07:17:55.553476,Long,-1.3748,3.1057
TR_10204,NVDA,2026-02-11T16:19:28.553476,2026-02-11T18:52:28.553476,Short,-1.5512,2.976
TR_10205,SOLUSD,2026-02-11T21:24:27.553476,2026-02-15T07:45:27.553476,Long,4.5696,2.5788
TR_10206,MSFT,2026-02-11T22:57:17.553476,2026-02-14T01:25:17.553476,Short,-3.2237,6.531
TR_10207,SOLUSD,2026-02-11T22:59:57.553476,2026-02-13T11:59:57.553476,Short,11.3913,0.3036
TR_10208,TSLA,2026-02-12T07:58:19.553476,2026-02-16T16:01:19.553476,Long,-1.8902,2.037
TR_10209,SOLUSD,2026-02-12T08:39:24.553476,2026-02-12T21:07:24.553476,Short,6.1303,4.3182
TR_10210,MSFT,2026-02-12T09:45:47.553476,2026-02-13T15:31:47.553476,Long,9.7944,1.0401
TR_10211,BTCUSD,2026-02-13T01:54:15.553476,2026-02-15T19:40:15.553476,Short,1.3733,0.8556
TR_10212,ETHUSD,2026-02-13T15:53:24.553476,2026-02-16T10:12:24.553476,Long,1.5749,0.9249
TR_10213,MSFT,2026-02-13T17:16:23.553476,2026-02-16T05:23:23.553476,Short,3.4313,1.3682
TR_10214,MSFT,2026-02-13T21:58:23.553476,2026-02-16T04:04:23.553476,Long,1.5803,1.158
TR_10215,NVDA,2026-02-14T08:34:47.553476,2026-02-16T17:40:47.553476,Short,10.1557,2.6492
TR_10216,NVDA,2026-02-14T12:20:03.553476,2026-02-19T11:58:03.553476,Short,6.4586,0.5153
TR_10217,ETHUSD,2026-02-14T15:35:20.553476,2026-02-17T20:11:20.553476,Long,8.3803,4.1508
TR_10218,EURUSD,2026-02-14T20:26:00.553476,2026-02-18T18:25:00.553476,Short,-0.8918,1.9763
TR_10219,AAPL,2026-02-14T23:23:59.553476,2026-02-15T01:00:59.553476,Short,10.5306,1.4856
TR_10220,ETHUSD,2026-02-15T05:48:21.553476,2026-02-19T02:25:21.553476,Long,-3.5072,6.1021
TR_10221,SOLUSD,2026-02-15T09:14:28.553476,2026-02-15T11:18:28.553476,Long,3.5953,0.3884
TR_10222,NVDA,2026-02-15T12:14:55.553476,2026-02-19T13:54:55.553476,Short,3.9294,2.5751
TR_10223,EURUSD,2026-02-15T17:48:26.553476,2026-02-18T03:26:26.553476,Long,-1.771,2.7588
TR_10224,TSLA,2026-02-16T00:21:19.553476,2026-02-17T15:18:19.553476,Long,6.0913,3.8421
TR_10225,BTCUSD,2026-02-16T05:44:08.553476,2026-02-17T02:52:08.553476,Short,-3.0777,6.2609
TR_10226,BTCUSD,2026-02-16T11:26:01.553476,2026-02-20T08:24:01.553476,Long,12.0013,0.6559
TR_10227,AAPL,2026-02-16T13:59:09.553476,2026-02-20T09:06:09.553476,Long,-1.011,1.9118
TR_10228,TSLA,2026-02-16T20:23:18.553476,2026-02-19T05:31:18.553476,Short,1.551,0.5675
TR_10229,BTCUSD,2026-02-16T20:35:55.553476,2026-02-19T23:36:55.553476,Short,-3.5466,7.2229
TR_10230,AAPL,2026-02-17T02:17:28.553476,2026-02-19T18:35:28.553476,Short,5.4897,1.656
TR_10231,NVDA,2026-02-17T04:13:23.553476,2026-02-21T05:49:23.553476,Short,7.7031,4.2237
TR_10232,AAPL,2026-02-17T07:38:17.553476,2026-02-21T11:48:17.553476,Long,11.7916,0.5827
TR_10233,MSFT,2026-02-17T18:17:29.553476,2026-02-19T03:26:29.553476,Long,-3.2375,4.2003
TR_10234,MSFT,2026-02-17T22:01:38.553476,2026-02-19T19:29:38.553476,Long,-3.1823,4.1575
TR_10235,TSLA,2026-02-17T23:38:52.553476,2026-02-21T09:18:52.553476,Long,-2.4264,4.3518
TR_10236,TSLA,2026-02-18T02:37:37.553476,2026-02-21T01:36:37.553476,Short,-0.8318,1.1177
TR_10237,EURUSD,2026-02-18T08:40:31.553476,2026-02-22T04:18:31.553476,Long,-2.9413,7.2151
TR_10238,MSFT,2026-02-19T02:43:42.553476,2026-02-20T18:53:42.553476,Short,-0.2468,0.467
TR_10239,SOLUSD,2026-02-19T15:17:52.553476,2026-02-21T01:51:52.553476,Long,-0.3833,0.5524
TR_10240,TSLA,2026-02-19T23:30:33.553476,2026-02-22T15:39:33.553476,Long,2.042,1.6065
TR_10241,TSLA,2026-02-20T01:45:07.553476,2026-02-21T04:57:07.553476,Long,7.8789,1.8578
TR_10242,TSLA,2026-02-20T06:20:46.553476,2026-02-20T13:52:46.553476,Long,8.1779,3.0917
TR_10243,AAPL,2026-02-20T08:01:14.553476,2026-02-25T01:41:14.553476,Long,-1.9953,3.2364
TR_10244,MSFT,2026-02-20T23:37:15.553476,2026-02-21T17:28:15.553476,Short,-1.0173,1.2866
TR_10245,EURUSD,2026-02-21T06:09:31.553476,2026-02-22T15:27:31.553476,Long,7.9498,1.8384
TR_10246,BTCUSD,2026-02-21T15:23:06.553476,2026-02-21T20:42:06.553476,Short,9.5489,1.2748
TR_10247,ETHUSD,2026-02-22T00:33:03.553476,2026-02-26T23:32:03.553476,Long,3.4655,0.3504
TR_10248,ETHUSD,2026-02-22T06:25:48.553476,2026-02-25T00:32:48.553476,Short,7.5628,3.3278
TR_10249,EURUSD,2026-02-22T08:30:12.553476,2026-02-24T21:17:12.553476,Long,-3.7747,6.4864
TR_10250,SOLUSD,2026-02-22T09:47:03.553476,2026-02-24T12:19:03.553476,Long,9.3674,4.1043
TR_10251,AAPL,2026-02-22T10:07:17.553476,2026-02-25T09:38:17.553476,Long,7.6417,3.3651
TR_10252,TSLA,2026-02-22T13:56:40.553476,2026-02-26T17:46:40.553476,Long,-1.0522,2.2105
TR_10253,BTCUSD,2026-02-22T23:20:04.553476,2026-02-26T04:18:04.553476,Short,8.9705,4.3072
TR_10254,ETHUSD,2026-02-23T05:05:05.553476,2026-02-23T08:19:05.553476,Long,-0.5947,0.9735
TR_10255,SOLUSD,2026-02-23T10:00:13.553476,2026-02-27T07:30:13.553476,Long,11.5291,2.9061
TR_10256,ETHUSD,2026-02-23T18:36:42.553476,2026-02-27T11:00:42.553476,Short,-2.2934,2.4883
TR_10257,EURUSD,2026-02-24T01:32:58.553476,2026-02-24T08:55:58.553476,Long,-0.2568,0.4439
TR_10258,AAPL,2026-02-24T04:11:31.553476,2026-02-25T17:01:31.553476,Short,-1.5907,1.9672
TR_10259,EURUSD,2026-02-24T12:14:34.553476,2026-02-26T21:56:34.553476,Short,11.0421,0.6478
TR_10260,SOLUSD,2026-02-24T18:59:41.553476,2026-02-26T18:57:41.553476,Long,-1.9663,3.8986
TR_10261,NVDA,2026-02-24T23:42:30.553476,2026-03-01T20:20:30.553476,Long,9.7058,0.4279
TR_10262,MSFT,2026-02-25T02:01:43.553476,2026-02-28T01:24:43.553476,Long,-3.4995,5.04
TR_10263,SOLUSD,2026-02-25T05:41:17.553476,2026-02-28T07:59:17.553476,Short,12.0689,0.9693
TR_10264,NVDA,2026-02-25T12:16:40.553476,2026-03-01T23:43:40.553476,Long,2.1837,1.2375
TR_10265,MSFT,2026-02-25T17:19:40.553476,2026-02-27T10:07:40.553476,Short,-1.2027,2.398
TR_10266,ETHUSD,2026-02-26T00:21:19.553476,2026-03-01T18:18:19.553476,Long,8.6188,2.3376
TR_10267,MSFT,2026-02-26T04:17:43.553476,2026-03-01T18:22:43.553476,Short,8.8708,4.0188
TR_10268,NVDA,2026-02-26T10:37:43.553476,2026-03-02T15:06:43.553476,Short,10.5822,4.0342
TR_10269,TSLA,2026-02-26T13:35:13.553476,2026-02-28T21:12:13.553476,Long,-2.1588,3.4114
TR_10270,TSLA,2026-02-26T18:15:53.553476,2026-02-27T22:49:53.553476,Short,0.9992,0.3848
TR_10271,ETHUSD,2026-02-27T02:02:43.553476,2026-02-27T08:28:43.553476,Long,5.8721,1.3553
TR_10272,AAPL,2026-02-27T08:39:08.553476,2026-03-02T08:33:08.553476,Short,-0.6034,1.4383
TR_10273,SOLUSD,2026-02-27T09:48:58.553476,2026-02-28T14:35:58.553476,Long,2.8767,0.8463
TR_10274,TSLA,2026-02-27T10:35:25.553476,2026-03-01T22:45:25.553476,Short,-0.9486,2.0603
TR_10275,BTCUSD,2026-02-27T19:23:38.553476,2026-03-02T13:48:38.553476,Short,-0.2842,0.4039
TR_10276,EURUSD,2026-02-28T06:24:05.553476,2026-03-03T20:18:05.553476,Long,3.4986,1.4152
TR_10277,BTCUSD,2026-02-28T19:26:04.553476,2026-03-01T02:06:04.553476,Short,8.9898,2.1019
TR_10278,MSFT,2026-02-28T20:52:06.553476,2026-03-05T20:31:06.553476,Long,8.7157,1.9707
TR_10279,ETHUSD,2026-02-28T21:15:43.553476,2026-03-05T21:14:43.553476,Long,-3.046,3.4548
TR_10280,NVDA,2026-02-28T22:00:41.553476,2026-03-02T03:37:41.553476,Short,-0.9677,2.1881
TR_10281,AAPL,2026-03-01T00:02:23.553476,2026-03-05T08:05:23.553476,Long,-3.8004,9.2094
TR_10282,TSLA,2026-03-01T07:09:27.553476,2026-03-03T16:38:27.553476,Short,-1.1854,1.4135
TR_10283,MSFT,2026-03-01T08:45:51.553476,2026-03-02T23:43:51.553476,Short,9.2299,1.2748
TR_10284,TSLA,2026-03-01T21:21:44.553476,2026-03-05T00:35:44.553476,Short,-1.0722,1.5273
TR_10285,BTCUSD,2026-03-01T22:17:32.553476,2026-03-04T22:01:32.553476,Short,2.647,1.2654
TR_10286,BTCUSD,2026-03-02T04:08:27.553476,2026-03-05T10:01:27.553476,Long,-0.3843,0.5524
TR_10287,BTCUSD,2026-03-02T20:32:40.553476,2026-03-05T12:13:40.553476,Long,-1.2659,1.389
TR_10288,AAPL,2026-03-02T21:33:59.553476,2026-03-03T04:58:59.553476,Short,4.8538,3.5109
TR_10289,SOLUSD,2026-03-02T23:45:36.553476,2026-03-04T19:22:36.553476,Long,4.0267,1.0738
TR_10290,SOLUSD,2026-03-03T00:45:52.553476,2026-03-07T09:43:52.553476,Long,6.6109,4.4696
TR_10291,SOLUSD,2026-03-03T11:55:40.553476,2026-03-06T10:51:40.553476,Long,-0.9292,1.7461
TR_10292,SOLUSD,2026-03-03T18:37:25.553476,2026-03-06T21:29:25.553476,Long,-2.0725,2.4453
TR_10293,AAPL,2026-03-03T22:13:18.553476,2026-03-08T07:00:18.553476,Short,9.8219,4.2403
TR_10294,TSLA,2026-03-04T03:00:58.553476,2026-03-04T20:19:58.553476,Long,-3.7849,8.1614
TR_10295,MSFT,2026-03-04T03:16:48.553476,2026-03-07T16:03:48.553476,Short,-1.5008,2.4393
TR_10296,NVDA,2026-03-05T04:05:54.553476,2026-03-05T23:40:54.553476,Long,3.0831,2.43
TR_10297,NVDA,2026-03-05T08:29:44.553476,2026-03-09T09:50:44.553476,Long,-0.4747,0.853
TR_10298,EURUSD,2026-03-05T11:23:17.553476,2026-03-07T15:34:17.553476,Short,-0.1828,0.3684
TR_10299,BTCUSD,2026-03-05T12:34:54.553476,2026-03-08T10:24:54.553476,Short,1.3849,0.6645
TR_10300,TSLA,2026-03-06T00:50:01.553476,2026-03-09T16:52:01.553476,Short,11.8762,3.826
TR_10301,NVDA,2026-03-06T10:52:04.553476,2026-03-07T07:24:04.553476,Long,-2.0112,3.9178
TR_10302,EURUSD,2026-03-06T11:06:17.553476,2026-03-08T02:16:17.553476,Long,-2.9437,3.3421
TR_10303,ETHUSD,2026-03-06T11:40:56.553476,2026-03-08T12:45:56.553476,Long,1.6138,0.3276
TR_10304,BTCUSD,2026-03-06T21:13:32.553476,2026-03-11T14:49:32.553476,Long,-0.3404,0.5077
TR_10305,EURUSD,2026-03-07T12:00:06.553476,2026-03-11T03:07:06.553476,Long,-3.2218,3.5579
TR_10306,EURUSD,2026-03-07T22:21:39.553476,2026-03-08T03:10:39.553476,Short,4.5479,1.9625
TR_10307,MSFT,2026-03-08T05:36:50.553476,2026-03-12T21:03:50.553476,Long,-1.8905,2.8299
TR_10308,TSLA,2026-03-08T10:14:17.553476,2026-03-08T14:55:17.553476,Long,-3.1213,5.859
TR_10309,AAPL,2026-03-08T12:41:07.553476,2026-03-11T22:28:07.553476,Short,8.5627,0.4351
TR_10310,TSLA,2026-03-08T13:17:10.553476,2026-03-09T21:12:10.553476,Short,2.8317,1.4226
TR_10311,MSFT,2026-03-08T21:01:59.553476,2026-03-09T02:19:59.553476,Long,-0.3739,0.3741
TR_10312,MSFT,2026-03-09T02:02:46.553476,2026-03-11T21:50:46.553476,Long,-2.7348,5.8602
TR_10313,NVDA,2026-03-09T05:58:49.553476,2026-03-12T02:39:49.553476,Short,-2.9243,5.3788
TR_10314,ETHUSD,2026-03-09T07:25:18.553476,2026-03-11T11:33:18.553476,Long,4.907,0.8097
TR_10315,BTCUSD,2026-03-09T10:00:21.553476,2026-03-10T19:33:21.553476,Long,12.3655,1.307
TR_10316,MSFT,2026-03-09T13:45:53.553476,2026-03-11T01:17:53.553476,Long,-1.0028,2.4055
TR_10317,AAPL,2026-03-10T02:23:11.553476,2026-03-10T10:34:11.553476,Long,-0.3296,0.6066
TR_10318,NVDA,2026-03-10T08:40:58.553476,2026-03-12T13:06:58.553476,Long,-2.6974,3.8709
TR_10319,MSFT,2026-03-11T03:14:17.553476,2026-03-14T13:00:17.553476,Long,2.4501,1.8366
TR_10320,MSFT,2026-03-11T04:41:06.553476,2026-03-15T07:13:06.553476,Long,-1.1667,2.0683
TR_10321,ETHUSD,2026-03-12T02:13:18.553476,2026-03-14T00:57:18.553476,Long,9.0905,0.2647
TR_10322,EURUSD,2026-03-12T08:26:55.553476,2026-03-13T14:50:55.553476,Short,-1.9917,2.3518
TR_10323,BTCUSD,2026-03-12T09:36:30.553476,2026-03-12T14:36:30.553476,Long,-1.5072,2.4408
TR_10324,SOLUSD,2026-03-12T23:44:00.553476,2026-03-17T20:25:00.553476,Long,9.9676,2.6673
TR_10325,ETHUSD,2026-03-13T05:28:39.553476,2026-03-17T13:59:39.553476,Long,-0.1593,0.3946
TR_10326,EURUSD,2026-03-13T10:27:34.553476,2026-03-16T12:04:34.553476,Short,10.4953,0.6498
TR_10327,MSFT,2026-03-13T19:49:56.553476,2026-03-16T01:53:56.553476,Short,7.8055,2.2561
TR_10328,ETHUSD,2026-03-13T20:27:24.553476,2026-03-18T08:01:24.553476,Long,1.8778,1.2533
TR_10329,SOLUSD,2026-03-13T23:23:58.553476,2026-03-15T20:07:58.553476,Short,3.0994,2.0958
TR_10330,BTCUSD,2026-03-14T11:10:51.553476,2026-03-17T13:33:51.553476,Short,3.4601,2.1141
TR_10331,ETHUSD,2026-03-14T12:54:47.553476,2026-03-18T18:54:47.553476,Long,-1.7985,1.9013
TR_10332,BTCUSD,2026-03-14T15:42:31.553476,2026-03-19T13:03:31.553476,Short,-0.9143,2.0949
TR_10333,EURUSD,2026-03-14T22:51:44.553476,2026-03-17T00:20:44.553476,Long,-2.9398,6.0221
TR_10334,ETHUSD,2026-03-15T02:31:32.553476,2026-03-16T08:40:32.553476,Long,10.342,2.9253
TR_10335,SOLUSD,2026-03-15T07:26:21.553476,2026-03-16T14:00:21.553476,Short,11.5944,1.8062
TR_10336,NVDA,2026-03-15T09:51:05.553476,2026-03-18T14:53:05.553476,Long,6.3628,2.9547
TR_10337,NVDA,2026-03-15T17:46:35.553476,2026-03-19T04:24:35.553476,Short,9.4429,1.6332
TR_10338,NVDA,2026-03-16T07:17:18.553476,2026-03-20T10:34:18.553476,Short,5.3128,0.3972
TR_10339,SOLUSD,2026-03-16T21:51:07.553476,2026-03-17T18:27:07.553476,Short,-0.3171,0.6851
TR_10340,EURUSD,2026-03-16T23:56:59.553476,2026-03-17T12:12:59.553476,Short,-2.3465,3.7354
TR_10341,MSFT,2026-03-17T01:04:09.553476,2026-03-20T00:30:09.553476,Long,-2.5381,5.3003
TR_10342,MSFT,2026-03-18T00:34:33.553476,2026-03-18T11:45:33.553476,Short,9.5061,1.7883
TR_10343,EURUSD,2026-03-18T02:02:49.553476,2026-03-19T15:38:49.553476,Short,2.3309,0.2246
TR_10344,BTCUSD,2026-03-18T14:48:11.553476,2026-03-19T04:12:11.553476,Long,-1.6261,2.5408
TR_10345,ETHUSD,2026-03-18T17:47:27.553476,2026-03-20T00:37:27.553476,Short,-0.3547,0.7406
TR_10346,TSLA,2026-03-18T18:02:56.553476,2026-03-19T20:32:56.553476,Long,5.2803,1.151
TR_10347,MSFT,2026-03-18T18:31:48.553476,2026-03-23T00:39:48.553476,Short,-1.9033,4.2361
TR_10348,SOLUSD,2026-03-18T19:51:29.553476,2026-03-20T07:38:29.553476,Short,7.8166,3.4763
TR_10349,NVDA,2026-03-18T21:22:23.553476,2026-03-22T15:04:23.553476,Short,-3.7504,7.2438
TR_10350,AAPL,2026-03-19T10:57:00.553476,2026-03-19T17:05:00.553476,Short,-0.7711,1.8461
TR_10351,NVDA,2026-03-19T12:05:06.553476,2026-03-23T00:16:06.553476,Long,0.597,0.3789
TR_10352,TSLA,2026-03-19T13:44:49.553476,2026-03-21T19:04:49.553476,Short,7.8231,3.7917
TR_10353,ETHUSD,2026-03-19T15:47:40.553476,2026-03-20T06:34:40.553476,Long,2.2317,1.0071
TR_10354,SOLUSD,2026-03-19T18:47:45.553476,2026-03-20T00:20:45.553476,Long,10.3227,2.227
TR_10355,MSFT,2026-03-20T05:05:00.553476,2026-03-22T10:40:00.553476,Long,4.4905,0.457
TR_10356,BTCUSD,2026-03-20T09:45:49.553476,2026-03-23T04:02:49.553476,Long,2.0681,0.1727
TR_10357,BTCUSD,2026-03-20T14:45:09.553476,2026-03-23T11:35:09.553476,Short,-1.753,3.5694
TR_10358,NVDA,2026-03-21T00:09:17.553476,2026-03-23T23:05:17.553476,Long,-2.9837,5.2157
TR_10359,ETHUSD,2026-03-21T12:05:46.553476,2026-03-26T06:09:46.553476,Long,-3.0541,4.2186
TR_10360,ETHUSD,2026-03-21T15:24:44.553476,2026-03-25T22:46:44.553476,Long,7.458,0.1769
TR_10361,TSLA,2026-03-21T17:21:33.553476,2026-03-26T17:19:33.553476,Long,4.0251,2.9363
TR_10362,BTCUSD,2026-03-21T17:52:51.553476,2026-03-22T14:48:51.553476,Long,8.4804,0.8589
TR_10363,TSLA,2026-03-21T18:14:31.553476,2026-03-23T12:15:31.553476,Short,-3.6944,9.0513
TR_10364,NVDA,2026-03-21T20:44:28.553476,2026-03-25T08:53:28.553476,Short,-3.0037,4.7739
TR_10365,BTCUSD,2026-03-21T22:14:25.553476,2026-03-23T11:29:25.553476,Short,8.6069,1.7737
TR_10366,AAPL,2026-03-21T22:57:43.553476,2026-03-23T20:13:43.553476,Long,-3.4126,7.9598
TR_10367,TSLA,2026-03-21T23:02:10.553476,2026-03-24T21:39:10.553476,Long,-1.919,4.3581
TR_10368,NVDA,2026-03-22T00:47:08.553476,2026-03-26T08:08:08.553476,Short,10.8907,0.6504
TR_10369,NVDA,2026-03-22T16:58:52.553476,2026-03-27T08:14:52.553476,Long,-0.4832,0.63
TR_10370,TSLA,2026-03-22T20:37:05.553476,2026-03-26T10:56:05.553476,Short,-3.1789,6.6709
TR_10371,MSFT,2026-03-23T01:35:47.553476,2026-03-24T05:38:47.553476,Short,11.5097,4.4947
TR_10372,AAPL,2026-03-23T03:12:42.553476,2026-03-25T23:25:42.553476,Short,4.4918,0.3937
TR_10373,EURUSD,2026-03-23T03:55:20.553476,2026-03-25T00:40:20.553476,Long,1.9186,0.0228
TR_10374,EURUSD,2026-03-23T18:31:45.553476,2026-03-27T23:23:45.553476,Short,11.3927,3.7547
TR_10375,BTCUSD,2026-03-23T23:30:06.553476,2026-03-26T17:44:06.553476,Long,2.9801,0.2451
TR_10376,AAPL,2026-03-24T10:18:37.553476,2026-03-24T11:18:37.553476,Long,-1.1463,2.7727
TR_10377,EURUSD,2026-03-24T13:26:30.553476,2026-03-25T19:21:30.553476,Short,2.0067,0.1201
TR_10378,BTCUSD,2026-03-24T17:09:02.553476,2026-03-29T04:17:02.553476,Short,1.6333,0.623
TR_10379,MSFT,2026-03-24T20:06:25.553476,2026-03-27T23:28:25.553476,Long,-3.9622,8.0264
TR_10380,NVDA,2026-03-25T00:34:20.553476,2026-03-29T14:15:20.553476,Short,10.6634,1.4075
TR_10381,BTCUSD,2026-03-25T06:36:13.553476,2026-03-27T02:50:13.553476,Long,-1.391,3.237
TR_10382,SOLUSD,2026-03-25T13:53:26.553476,2026-03-26T00:39:26.553476,Long,4.6598,3.2053
TR_10383,MSFT,2026-03-25T14:34:45.553476,2026-03-26T15:41:45.553476,Short,5.1365,0.1407
TR_10384,ETHUSD,2026-03-26T07:20:43.553476,2026-03-30T17:19:43.553476,Short,-3.0956,3.3244
TR_10385,BTCUSD,2026-03-27T01:59:04.553476,2026-03-30T00:32:04.553476,Long,9.8109,1.5279
TR_10386,AAPL,2026-03-27T03:14:53.553476,2026-03-31T23:37:53.553476,Long,5.3726,0.179
TR_10387,EURUSD,2026-03-27T23:17:20.553476,2026-03-28T06:42:20.553476,Short,-2.5988,5.8961
TR_10388,AAPL,2026-03-28T07:14:10.553476,2026-03-31T01:39:10.553476,Long,5.7125,1.5798
TR_10389,ETHUSD,2026-03-28T13:39:19.553476,2026-03-31T04:57:19.553476,Short,11.937,2.4305
TR_10390,AAPL,2026-03-28T22:08:28.553476,2026-03-31T04:14:28.553476,Long,-1.241,2.3935
TR_10391,SOLUSD,2026-03-29T02:45:58.553476,2026-03-30T10:58:58.553476,Long,-3.5414,6.9734
TR_10392,BTCUSD,2026-03-29T03:17:20.553476,2026-03-30T04:31:20.553476,Long,-1.1827,2.7656
TR_10393,AAPL,2026-03-29T12:46:08.553476,2026-04-02T12:37:08.553476,Long,10.6869,1.2936
TR_10394,SOLUSD,2026-03-29T23:43:13.553476,2026-04-03T01:44:13.553476,Short,5.6118,1.667
TR_10395,NVDA,2026-03-30T02:30:42.553476,2026-04-01T20:29:42.553476,Long,-0.2404,0.2742
TR_10396,BTCUSD,2026-03-30T05:47:40.553476,2026-04-01T06:59:40.553476,Long,-1.6395,1.6902
TR_10397,AAPL,2026-03-30T05:57:48.553476,2026-03-31T08:28:48.553476,Long,0.2925,0.0929
TR_10398,MSFT,2026-03-30T10:16:41.553476,2026-04-03T06:21:41.553476,Long,3.0764,1.9947
TR_10399,ETHUSD,2026-03-30T19:18:53.553476,2026-03-31T21:35:53.553476,Short,7.939,2.0853
TR_10400,MSFT,2026-03-30T22:02:29.553476,2026-03-31T21:55:29.553476,Short,4.6836,2.0749
TR_10401,EURUSD,2026-04-01T05:32:52.553476,2026-04-02T15:05:52.553476,Long,2.5357,1.5366
TR_10402,AAPL,2026-04-01T06:23:32.553476,2026-04-01T16:01:32.553476,Short,-2.0629,3.3594
TR_10403,SOLUSD,2026-04-01T12:08:04.553476,2026-04-05T14:02:04.553476,Short,-3.2986,5.1225
TR_10404,BTCUSD,2026-04-02T03:06:48.553476,2026-04-02T19:28:48.553476,Short,2.9012,0.6276
TR_10405,EURUSD,2026-04-02T04:10:57.553476,2026-04-04T17:17:57.553476,Short,-3.1453,7.1057
TR_10406,ETHUSD,2026-04-02T23:16:13.553476,2026-04-06T01:25:13.553476,Long,-2.6581,3.7222
TR_10407,BTCUSD,2026-04-03T02:19:44.553476,2026-04-08T02:15:44.553476,Short,12.215,1.6764
TR_10408,MSFT,2026-04-03T02:22:26.553476,2026-04-07T22:21:26.553476,Short,-3.3799,6.5481
TR_10409,EURUSD,2026-04-03T03:00:51.553476,2026-04-06T17:33:51.553476,Short,3.7284,0.6247
TR_10410,SOLUSD,2026-04-04T03:04:54.553476,2026-04-08T14:37:54.553476,Long,7.3996,0.2493
TR_10411,BTCUSD,2026-04-04T04:53:43.553476,2026-04-07T19:31:43.553476,Short,-2.7028,6.1664
TR_10412,EURUSD,2026-04-04T07:47:16.553476,2026-04-09T01:54:16.553476,Long,4.082,1.3395
TR_10413,SOLUSD,2026-04-04T08:02:16.553476,2026-04-06T13:22:16.553476,Short,12.0977,3.8011
TR_10414,AAPL,2026-04-04T09:34:54.553476,2026-04-06T08:46:54.553476,Long,2.3468,0.7571
TR_10415,AAPL,2026-04-04T14:59:33.553476,2026-04-08T09:24:33.553476,Long,-3.9166,9.6396
TR_10416,AAPL,2026-04-04T18:14:50.553476,2026-04-07T10:30:50.553476,Short,0.6714,0.174
TR_10417,EURUSD,2026-04-04T21:48:38.553476,2026-04-09T01:05:38.553476,Short,-2.7487,4.2223
TR_10418,BTCUSD,2026-04-05T00:07:27.553476,2026-04-06T09:48:27.553476,Long,1.3423,0.7645
TR_10419,AAPL,2026-04-05T00:30:10.553476,2026-04-07T02:11:10.553476,Long,-2.408,4.5065
TR_10420,ETHUSD,2026-04-05T09:11:44.553476,2026-04-08T19:46:44.553476,Short,1.9302,0.09
TR_10421,TSLA,2026-04-05T09:36:34.553476,2026-04-06T23:48:34.553476,Short,-2.0989,4.8829
TR_10422,ETHUSD,2026-04-05T11:22:52.553476,2026-04-07T03:45:52.553476,Short,1.4557,0.4569
TR_10423,NVDA,2026-04-05T14:00:57.553476,2026-04-06T05:52:57.553476,Short,-0.5953,1.2524
TR_10424,ETHUSD,2026-04-05T20:01:41.553476,2026-04-08T13:11:41.553476,Short,10.6911,1.9396
TR_10425,EURUSD,2026-04-06T08:22:44.553476,2026-04-10T01:14:44.553476,Long,1.0241,0.0928
TR_10426,ETHUSD,2026-04-06T13:18:37.553476,2026-04-10T00:23:37.553476,Short,10.8036,2.0659
TR_10427,TSLA,2026-04-06T18:37:22.553476,2026-04-11T03:19:22.553476,Short,10.0417,1.0692
TR_10428,SOLUSD,2026-04-06T21:52:11.553476,2026-04-10T07:20:11.553476,Short,11.304,2.3606
TR_10429,ETHUSD,2026-04-07T05:02:46.553476,2026-04-10T12:58:46.553476,Long,-0.6363,1.3878
TR_10430,EURUSD,2026-04-07T07:37:12.553476,2026-04-12T06:08:12.553476,Long,5.0943,1.7924
TR_10431,ETHUSD,2026-04-07T13:40:40.553476,2026-04-10T19:53:40.553476,Short,7.8187,1.9615
TR_10432,AAPL,2026-04-08T12:19:27.553476,2026-04-13T02:29:27.553476,Long,2.323,1.2059
TR_10433,TSLA,2026-04-08T19:29:29.553476,2026-04-13T03:46:29.553476,Long,-2.7875,3.3944
TR_10434,BTCUSD,2026-04-09T05:04:15.553476,2026-04-09T23:18:15.553476,Short,-1.3225,1.4155
TR_10435,SOLUSD,2026-04-09T08:36:58.553476,2026-04-12T20:40:58.553476,Short,7.8718,1.8183
TR_10436,TSLA,2026-04-09T09:49:20.553476,2026-04-12T22:16:20.553476,Short,7.6965,0.6813
TR_10437,AAPL,2026-04-09T13:48:16.553476,2026-04-10T20:28:16.553476,Long,-2.5562,5.1575
TR_10438,MSFT,2026-04-09T15:25:34.553476,2026-04-12T02:50:34.553476,Long,-1.7701,2.2609
TR_10439,NVDA,2026-04-09T16:56:40.553476,2026-04-14T05:50:40.553476,Long,7.3688,3.481
TR_10440,MSFT,2026-04-10T04:45:52.553476,2026-04-12T16:39:52.553476,Short,-2.7807,4.23
TR_10441,NVDA,2026-04-10T11:37:01.553476,2026-04-15T06:57:01.553476,Long,5.0385,1.8436
TR_10442,SOLUSD,2026-04-10T15:21:37.553476,2026-04-14T16:29:37.553476,Long,4.1476,1.4157
TR_10443,AAPL,2026-04-11T04:09:50.553476,2026-04-15T23:34:50.553476,Short,-3.7882,6.3711
TR_10444,EURUSD,2026-04-11T10:04:42.553476,2026-04-15T11:30:42.553476,Short,-1.0675,1.7001
TR_10445,ETHUSD,2026-04-11T13:23:33.553476,2026-04-15T05:53:33.553476,Short,3.079,1.2882
TR_10446,NVDA,2026-04-11T16:00:44.553476,2026-04-13T09:36:44.553476,Short,-3.274,5.3196
TR_10447,BTCUSD,2026-04-11T18:20:27.553476,2026-04-13T17:25:27.553476,Short,0.9217,0.1377
TR_10448,ETHUSD,2026-04-11T19:28:14.553476,2026-04-15T15:23:14.553476,Short,4.2374,2.7585
TR_10449,MSFT,2026-04-11T19:55:50.553476,2026-04-14T05:03:50.553476,Long,-2.4887,4.6528
TR_10450,MSFT,2026-04-11T23:35:55.553476,2026-04-12T02:53:55.553476,Short,10.1764,0.3411
TR_10451,NVDA,2026-04-12T02:30:20.553476,2026-04-15T23:29:20.553476,Long,7.8352,2.1109
TR_10452,TSLA,2026-04-12T13:53:35.553476,2026-04-16T05:02:35.553476,Short,6.2235,2.2658
TR_10453,MSFT,2026-04-12T22:04:11.553476,2026-04-14T20:58:11.553476,Long,12.3261,4.0026
TR_10454,TSLA,2026-04-13T12:20:06.553476,2026-04-13T17:04:06.553476,Long,2.6188,1.2987
TR_10455,ETHUSD,2026-04-13T14:29:08.553476,2026-04-17T16:41:08.553476,Long,12.3738,2.1923
TR_10456,EURUSD,2026-04-14T12:10:20.553476,2026-04-15T18:13:20.553476,Short,9.7217,4.209
TR_10457,BTCUSD,2026-04-15T18:21:33.553476,2026-04-19T15:28:33.553476,Long,9.8148,0.7296
TR_10458,BTCUSD,2026-04-15T23:31:29.553476,2026-04-17T05:49:29.553476,Long,-3.3806,6.381
TR_10459,BTCUSD,2026-04-16T06:24:41.553476,2026-04-20T08:24:41.553476,Long,1.8013,1.1797
TR_10460,AAPL,2026-04-16T14:08:20.553476,2026-04-20T03:47:20.553476,Short,0.435,0.0415
TR_10461,AAPL,2026-04-16T17:59:30.553476,2026-04-16T20:04:30.553476,Short,-1.3656,3.0416
TR_10462,AAPL,2026-04-16T21:20:38.553476,2026-04-19T17:48:38.553476,Short,-2.6081,6.3239
TR_10463,EURUSD,2026-04-17T01:52:19.553476,2026-04-18T00:52:19.553476,Short,-2.3604,4.0909
TR_10464,AAPL,2026-04-17T04:02:17.553476,2026-04-18T02:56:17.553476,Long,-2.3284,5.2368
TR_10465,EURUSD,2026-04-17T04:28:31.553476,2026-04-20T12:47:31.553476,Long,6.5783,0.5571
TR_10466,AAPL,2026-04-17T10:15:10.553476,2026-04-18T01:19:10.553476,Short,3.3164,2.1782
TR_10467,EURUSD,2026-04-17T18:06:08.553476,2026-04-20T12:06:08.553476,Long,4.8295,3.2279
TR_10468,EURUSD,2026-04-17T18:32:02.553476,2026-04-18T16:34:02.553476,Short,4.1326,3.0464
TR_10469,AAPL,2026-04-17T19:44:02.553476,2026-04-21T13:55:02.553476,Long,5.1089,0.8449
TR_10470,EURUSD,2026-04-18T01:12:34.553476,2026-04-21T22:17:34.553476,Short,-0.6199,0.7545
TR_10471,AAPL,2026-04-18T12:19:51.553476,2026-04-22T06:03:51.553476,Long,8.0554,0.902
TR_10472,MSFT,2026-04-18T20:56:19.553476,2026-04-22T07:28:19.553476,Short,12.0627,3.7824
TR_10473,BTCUSD,2026-04-19T04:48:47.553476,2026-04-19T17:51:47.553476,Long,-0.6424,1.3364
TR_10474,AAPL,2026-04-19T09:21:52.553476,2026-04-20T05:41:52.553476,Long,10.5359,0.338
TR_10475,SOLUSD,2026-04-19T09:53:20.553476,2026-04-23T18:07:20.553476,Short,-0.5579,1.3014
TR_10476,AAPL,2026-04-20T04:12:31.553476,2026-04-22T18:39:31.553476,Short,-0.5767,0.6246
TR_10477,EURUSD,2026-04-20T08:27:23.553476,2026-04-21T09:38:23.553476,Short,-0.1939,0.4405
TR_10478,ETHUSD,2026-04-20T11:37:49.553476,2026-04-23T13:54:49.553476,Long,-3.455,7.2269
TR_10479,BTCUSD,2026-04-21T04:19:42.553476,2026-04-22T06:26:42.553476,Long,2.2525,0.2712
TR_10480,SOLUSD,2026-04-21T10:18:16.553476,2026-04-22T08:24:16.553476,Short,4.2663,0.9769
TR_10481,TSLA,2026-04-21T13:48:47.553476,2026-04-24T08:18:47.553476,Short,-2.5761,6.4239
TR_10482,ETHUSD,2026-04-21T16:08:21.553476,2026-04-26T05:40:21.553476,Short,3.8196,2.523
TR_10483,BTCUSD,2026-04-21T16:40:39.553476,2026-04-25T20:31:39.553476,Long,10.5168,1.769
TR_10484,AAPL,2026-04-22T02:32:27.553476,2026-04-23T12:58:27.553476,Long,-3.8997,5.0226
TR_10485,TSLA,2026-04-22T05:42:38.553476,2026-04-22T07:53:38.553476,Short,4.3568,2.5109
TR_10486,NVDA,2026-04-22T17:22:30.553476,2026-04-22T22:42:30.553476,Short,-3.9404,4.1708
TR_10487,EURUSD,2026-04-22T18:28:23.553476,2026-04-25T23:38:23.553476,Long,2.654,1.6719
TR_10488,TSLA,2026-04-22T23:09:22.553476,2026-04-27T13:55:22.553476,Long,2.1202,0.8823
TR_10489,TSLA,2026-04-23T07:06:44.553476,2026-04-26T23:56:44.553476,Short,-0.8696,2.0432
TR_10490,BTCUSD,2026-04-23T13:16:17.553476,2026-04-24T16:25:17.553476,Long,-2.2866,2.9998
TR_10491,MSFT,2026-04-23T16:26:10.553476,2026-04-24T05:23:10.553476,Long,1.2527,0.7695
TR_10492,NVDA,2026-04-23T16:52:38.553476,2026-04-25T03:51:38.553476,Short,-0.8854,2.2052
TR_10493,TSLA,2026-04-23T19:57:11.553476,2026-04-25T10:30:11.553476,Long,-0.923,1.875
TR_10494,BTCUSD,2026-04-23T23:44:25.553476,2026-04-24T20:30:25.553476,Long,-3.6017,6.6123
TR_10495,MSFT,2026-04-24T12:35:18.553476,2026-04-26T20:55:18.553476,Short,2.2912,0.7165
TR_10496,MSFT,2026-04-24T14:21:42.553476,2026-04-27T19:26:42.553476,Long,9.6993,4.3451
TR_10497,ETHUSD,2026-04-24T23:41:30.553476,2026-04-29T19:00:30.553476,Long,10.3065,4.3797
TR_10498,ETHUSD,2026-04-26T01:26:18.553476,2026-04-30T22:57:18.553476,Short,-3.1149,3.2032
TR_10499,NVDA,2026-04-26T11:03:19.553476,2026-04-27T07:17:19.553476,Long,11.6592,2.1498
TR_10500,AAPL,2026-04-26T16:30:04.553476,2026-05-01T00:36:04.553476,Short,9.4061,1.0148
TR_10501,NVDA,2026-04-27T00:46:32.553476,2026-05-01T15:25:32.553476,Long,2.9015,0.1721
TR_10502,AAPL,2026-04-27T04:54:46.553476,2026-04-30T21:20:46.553476,Long,-2.3007,3.848
TR_10503,AAPL,2026-04-27T06:39:57.553476,2026-05-01T11:33:57.553476,Long,6.1713,3.7073
TR_10504,BTCUSD,2026-04-27T11:38:40.553476,2026-05-01T00:10:40.553476,Short,-1.2836,1.5608
TR_10505,EURUSD,2026-04-27T14:44:05.553476,2026-04-30T04:04:05.553476,Long,-0.1817,0.262
TR_10506,BTCUSD,2026-04-27T16:37:57.553476,2026-05-01T20:11:57.553476,Long,12.0492,2.809
TR_10507,AAPL,2026-04-28T02:20:12.553476,2026-04-30T12:12:12.553476,Short,-1.932,4.5999
TR_10508,ETHUSD,2026-04-28T14:13:06.553476,2026-05-03T08:54:06.553476,Long,10.2663,2.2986
TR_10509,NVDA,2026-04-28T17:18:44.553476,2026-05-02T15:34:44.553476,Short,-1.8382,3.0534
TR_10510,MSFT,2026-04-28T18:05:34.553476,2026-04-30T17:56:34.553476,Short,4.0348,0.3582
TR_10511,AAPL,2026-04-29T02:01:09.553476,2026-05-03T11:09:09.553476,Short,0.4621,0.0646
TR_10512,MSFT,2026-04-29T02:36:15.553476,2026-05-01T04:29:15.553476,Long,-3.182,3.2064
TR_10513,SOLUSD,2026-04-29T06:34:30.553476,2026-04-30T08:43:30.553476,Long,-1.3529,2.3739
TR_10514,BTCUSD,2026-04-29T09:41:52.553476,2026-05-01T14:45:52.553476,Long,11.1965,1.119
TR_10515,EURUSD,2026-04-29T19:12:17.553476,2026-04-29T21:19:17.553476,Short,3.9658,0.3664
TR_10516,BTCUSD,2026-04-29T21:12:13.553476,2026-05-04T02:30:13.553476,Short,-3.8795,8.3515
TR_10517,EURUSD,2026-04-30T01:42:32.553476,2026-05-02T13:29:32.553476,Short,6.3665,3.4907
TR_10518,SOLUSD,2026-04-30T05:09:44.553476,2026-05-04T08:33:44.553476,Short,-3.4393,6.7411
TR_10519,ETHUSD,2026-04-30T11:41:20.553476,2026-05-04T22:17:20.553476,Long,-0.1453,0.254
TR_10520,BTCUSD,2026-04-30T13:33:09.553476,2026-05-02T16:10:09.553476,Long,-0.8997,1.8939
TR_10521,SOLUSD,2026-04-30T13:53:58.553476,2026-05-03T22:45:58.553476,Long,-3.9501,7.0406
TR_10522,TSLA,2026-04-30T22:27:53.553476,2026-05-05T18:17:53.553476,Long,2.393,0.7366
TR_10523,BTCUSD,2026-05-01T00:42:42.553476,2026-05-02T06:27:42.553476,Long,-3.2649,5.1647
TR_10524,MSFT,2026-05-01T00:45:24.553476,2026-05-04T23:30:24.553476,Short,-3.4001,3.5887
TR_10525,EURUSD,2026-05-01T01:49:06.553476,2026-05-04T13:37:06.553476,Short,5.1471,0.7364
TR_10526,AAPL,2026-05-01T06:59:03.553476,2026-05-02T10:59:03.553476,Short,-3.7615,7.2322
TR_10527,ETHUSD,2026-05-01T07:06:12.553476,2026-05-03T17:48:12.553476,Long,-1.5501,3.8475
TR_10528,ETHUSD,2026-05-01T10:41:24.553476,2026-05-03T00:10:24.553476,Long,-1.6807,2.5964
TR_10529,EURUSD,2026-05-01T13:44:23.553476,2026-05-01T16:26:23.553476,Long,9.7387,3.4628
TR_10530,EURUSD,2026-05-01T17:35:18.553476,2026-05-02T07:53:18.553476,Long,-2.2294,4.5336
TR_10531,EURUSD,2026-05-01T20:22:01.553476,2026-05-03T09:56:01.553476,Long,-3.0639,5.0841
TR_10532,SOLUSD,2026-05-02T00:08:14.553476,2026-05-05T10:13:14.553476,Short,-0.9896,1.8827
TR_10533,MSFT,2026-05-02T05:53:31.553476,2026-05-06T04:09:31.553476,Short,1.7615,0.9105
TR_10534,EURUSD,2026-05-02T16:10:36.553476,2026-05-04T00:13:36.553476,Short,0.5729,0.1223
TR_10535,EURUSD,2026-05-03T03:01:25.553476,2026-05-08T02:22:25.553476,Short,6.8789,1.2147
TR_10536,NVDA,2026-05-03T06:14:51.553476,2026-05-04T00:55:51.553476,Short,11.405,0.2611
TR_10537,ETHUSD,2026-05-03T14:22:54.553476,2026-05-04T02:36:54.553476,Short,-1.1985,1.9377
TR_10538,NVDA,2026-05-03T17:13:13.553476,2026-05-08T12:52:13.553476,Long,-0.355,0.8437
TR_10539,MSFT,2026-05-04T02:28:52.553476,2026-05-08T10:19:52.553476,Long,-0.9246,1.6199
TR_10540,MSFT,2026-05-04T15:55:54.553476,2026-05-06T12:17:54.553476,Short,-2.2229,3.457
TR_10541,TSLA,2026-05-05T12:34:02.553476,2026-05-09T05:43:02.553476,Short,6.6551,2.0955
TR_10542,MSFT,2026-05-05T17:40:31.553476,2026-05-08T00:43:31.553476,Short,7.363,0.9953
TR_10543,EURUSD,2026-05-05T20:45:03.553476,2026-05-07T15:09:03.553476,Long,1.2391,0.3609
TR_10544,ETHUSD,2026-05-05T23:46:52.553476,2026-05-06T12:35:52.553476,Short,-3.7806,3.8623
TR_10545,TSLA,2026-05-06T04:01:20.553476,2026-05-07T14:11:20.553476,Long,3.4088,2.3101
TR_10546,TSLA,2026-05-06T13:54:06.553476,2026-05-11T13:18:06.553476,Long,-3.2459,6.8372
TR_10547,MSFT,2026-05-06T14:42:25.553476,2026-05-11T12:57:25.553476,Long,5.9174,3.2171
TR_10548,AAPL,2026-05-06T16:37:47.553476,2026-05-07T20:51:47.553476,Long,5.5868,1.5937
TR_10549,MSFT,2026-05-06T20:32:38.553476,2026-05-09T08:44:38.553476,Short,-3.2269,5.7314
TR_10550,TSLA,2026-05-07T11:38:04.553476,2026-05-10T10:59:04.553476,Long,3.6798,0.3951
TR_10551,ETHUSD,2026-05-07T15:52:48.553476,2026-05-12T01:33:48.553476,Long,9.9033,0.2582
TR_10552,MSFT,2026-05-08T01:32:47.553476,2026-05-13T00:17:47.553476,Short,-2.7684,5.9215
TR_10553,BTCUSD,2026-05-08T03:17:04.553476,2026-05-11T15:29:04.553476,Long,11.0233,1.952
TR_10554,MSFT,2026-05-08T05:31:15.553476,2026-05-08T21:25:15.553476,Short,-3.1582,3.2997
TR_10555,AAPL,2026-05-08T09:09:31.553476,2026-05-10T16:40:31.553476,Long,-3.8767,8.2687
TR_10556,TSLA,2026-05-08T18:59:46.553476,2026-05-10T11:00:46.553476,Short,2.4646,1.0924
TR_10557,NVDA,2026-05-08T21:17:29.553476,2026-05-10T00:40:29.553476,Short,9.81,2.1677
TR_10558,AAPL,2026-05-08T22:34:07.553476,2026-05-08T23:50:07.553476,Long,-2.3789,3.9833
TR_10559,NVDA,2026-05-09T08:57:51.553476,2026-05-14T03:31:51.553476,Short,-3.6036,8.5313
TR_10560,AAPL,2026-05-09T23:52:10.553476,2026-05-12T17:05:10.553476,Short,6.8291,0.4021
TR_10561,AAPL,2026-05-10T05:54:57.553476,2026-05-10T17:52:57.553476,Short,8.7612,0.7402
TR_10562,ETHUSD,2026-05-10T06:11:22.553476,2026-05-10T13:46:22.553476,Long,3.9872,2.9147
TR_10563,MSFT,2026-05-10T06:24:34.553476,2026-05-13T12:31:34.553476,Long,1.4119,1.0393
TR_10564,ETHUSD,2026-05-10T12:37:49.553476,2026-05-14T04:16:49.553476,Short,11.7132,2.9818
TR_10565,TSLA,2026-05-10T13:43:24.553476,2026-05-11T17:11:24.553476,Short,5.4276,0.6967
TR_10566,NVDA,2026-05-10T14:59:55.553476,2026-05-13T21:09:55.553476,Short,11.0489,1.3536
TR_10567,NVDA,2026-05-11T05:23:42.553476,2026-05-15T22:25:42.553476,Short,8.9942,2.0727
TR_10568,EURUSD,2026-05-11T07:21:29.553476,2026-05-12T14:03:29.553476,Long,-1.7098,2.2623
TR_10569,EURUSD,2026-05-11T14:20:22.553476,2026-05-15T21:08:22.553476,Short,1.1861,0.6659
TR_10570,NVDA,2026-05-11T15:55:37.553476,2026-05-15T04:28:37.553476,Short,3.6131,1.4926
TR_10571,SOLUSD,2026-05-11T17:17:05.553476,2026-05-12T22:18:05.553476,Long,-3.0291,5.0632
TR_10572,TSLA,2026-05-12T03:57:19.553476,2026-05-15T03:05:19.553476,Short,10.4469,2.696
TR_10573,AAPL,2026-05-12T08:59:04.553476,2026-05-12T10:59:04.553476,Short,2.3268,0.6143
TR_10574,BTCUSD,2026-05-12T11:50:13.553476,2026-05-14T05:59:13.553476,Long,4.3317,0.56
TR_10575,BTCUSD,2026-05-12T13:16:20.553476,2026-05-12T15:28:20.553476,Short,5.6704,0.5318
TR_10576,NVDA,2026-05-12T18:41:46.553476,2026-05-16T01:36:46.553476,Long,2.4544,1.7237
TR_10577,AAPL,2026-05-13T04:17:17.553476,2026-05-13T08:02:17.553476,Long,-3.1975,7.2434
TR_10578,MSFT,2026-05-13T12:41:17.553476,2026-05-14T22:14:17.553476,Long,9.0722,3.7834
TR_10579,EURUSD,2026-05-13T16:16:08.553476,2026-05-15T00:53:08.553476,Short,0.8447,0.5296
TR_10580,BTCUSD,2026-05-14T00:55:17.553476,2026-05-15T15:33:17.553476,Short,3.3881,0.3168
TR_10581,TSLA,2026-05-14T01:12:44.553476,2026-05-19T00:01:44.553476,Long,3.419,0.3621
TR_10582,TSLA,2026-05-14T10:26:30.553476,2026-05-16T04:49:30.553476,Short,-2.3598,3.6538
TR_10583,SOLUSD,2026-05-14T12:58:48.553476,2026-05-18T15:17:48.553476,Long,4.5825,1.3102
TR_10584,AAPL,2026-05-14T22:06:06.553476,2026-05-17T06:09:06.553476,Short,-3.5921,4.9932
TR_10585,ETHUSD,2026-05-15T01:38:52.553476,2026-05-19T15:21:52.553476,Short,-3.7047,7.0421
TR_10586,BTCUSD,2026-05-15T02:48:37.553476,2026-05-16T15:36:37.553476,Short,-0.9455,2.0594
TR_10587,TSLA,2026-05-15T03:48:38.553476,2026-05-17T03:38:38.553476,Long,4.2708,0.6604
TR_10588,ETHUSD,2026-05-15T05:20:57.553476,2026-05-19T20:14:57.553476,Long,3.9737,1.2825
TR_10589,BTCUSD,2026-05-15T10:09:23.553476,2026-05-17T01:40:23.553476,Short,1.519,0.0748
TR_10590,TSLA,2026-05-15T14:13:25.553476,2026-05-18T22:47:25.553476,Long,7.3898,4.1812
TR_10591,ETHUSD,2026-05-15T16:18:00.553476,2026-05-20T05:03:00.553476,Short,0.238,0.0148
TR_10592,ETHUSD,2026-05-15T21:22:54.553476,2026-05-20T16:10:54.553476,Long,-0.8089,1.5037
TR_10593,TSLA,2026-05-15T23:52:27.553476,2026-05-18T04:55:27.553476,Short,1.82,0.0326
TR_10594,ETHUSD,2026-05-16T00:54:26.553476,2026-05-19T23:11:26.553476,Long,3.7331,1.2822
TR_10595,MSFT,2026-05-16T04:02:18.553476,2026-05-19T08:33:18.553476,Short,8.171,0.5155
TR_10596,EURUSD,2026-05-16T07:09:58.553476,2026-05-16T16:21:58.553476,Long,-1.6011,3.7378
TR_10597,BTCUSD,2026-05-16T17:06:25.553476,2026-05-19T03:01:25.553476,Long,7.2141,2.7414
TR_10598,MSFT,2026-05-16T17:59:12.553476,2026-05-17T09:37:12.553476,Long,-2.0981,4.9523
TR_10599,TSLA,2026-05-16T21:16:53.553476,2026-05-19T19:11:53.553476,Long,12.1209,3.7355
TR_10600,AAPL,2026-05-16T21:57:13.553476,2026-05-20T04:12:13.553476,Short,6.6263,0.956
TR_10601,BTCUSD,2026-05-16T22:26:32.553476,2026-05-17T00:24:32.553476,Long,6.7954,3.0486
TR_10602,TSLA,2026-05-16T22:53:12.553476,2026-05-17T03:25:12.553476,Short,0.124,0.0473
TR_10603,MSFT,2026-05-16T23:11:36.553476,2026-05-21T17:26:36.553476,Long,-1.4799,2.8912
TR_10604,NVDA,2026-05-17T03:24:53.553476,2026-05-18T14:07:53.553476,Short,-3.309,4.8772
TR_10605,ETHUSD,2026-05-17T04:54:36.553476,2026-05-21T10:45:36.553476,Long,11.9618,2.8251
TR_10606,AAPL,2026-05-17T06:43:00.553476,2026-05-18T21:09:00.553476,Long,5.6577,3.0974
TR_10607,EURUSD,2026-05-17T14:56:48.553476,2026-05-18T08:16:48.553476,Short,-3.1442,5.3255
TR_10608,NVDA,2026-05-18T03:23:31.553476,2026-05-19T08:45:31.553476,Long,4.5254,0.3289
TR_10609,AAPL,2026-05-18T04:01:40.553476,2026-05-21T18:15:40.553476,Long,-1.2169,2.6119
TR_10610,EURUSD,2026-05-18T10:20:45.553476,2026-05-21T05:07:45.553476,Long,-2.6765,5.4491
TR_10611,MSFT,2026-05-18T10:34:18.553476,2026-05-20T01:10:18.553476,Long,-3.2248,5.9144
TR_10612,MSFT,2026-05-18T16:10:08.553476,2026-05-18T21:21:08.553476,Short,-3.9605,9.8687
TR_10613,AAPL,2026-05-18T18:52:42.553476,2026-05-23T17:43:42.553476,Short,-3.5796,4.4579
TR_10614,AAPL,2026-05-19T05:21:57.553476,2026-05-23T11:44:57.553476,Long,-0.933,1.0029
TR_10615,ETHUSD,2026-05-19T19:21:38.553476,2026-05-20T21:18:38.553476,Short,-0.9398,1.3602
TR_10616,MSFT,2026-05-20T07:16:29.553476,2026-05-21T15:22:29.553476,Short,4.009,2.6951
TR_10617,TSLA,2026-05-20T07:22:34.553476,2026-05-21T22:19:34.553476,Short,7.1746,0.2608
TR_10618,ETHUSD,2026-05-20T08:30:07.553476,2026-05-23T18:03:07.553476,Long,0.1751,0.0733
TR_10619,TSLA,2026-05-20T19:48:06.553476,2026-05-22T05:28:06.553476,Short,-0.1054,0.1989
TR_10620,TSLA,2026-05-21T03:14:50.553476,2026-05-22T16:52:50.553476,Long,3.3662,0.1697
TR_10621,BTCUSD,2026-05-21T22:41:48.553476,2026-05-23T15:51:48.553476,Long,4.6918,0.1173
TR_10622,TSLA,2026-05-22T00:23:55.553476,2026-05-23T07:03:55.553476,Long,1.5155,0.7444
TR_10623,AAPL,2026-05-22T08:52:09.553476,2026-05-25T05:13:09.553476,Long,6.025,4.4759
TR_10624,SOLUSD,2026-05-22T10:10:16.553476,2026-05-24T20:52:16.553476,Short,-3.5848,5.9159
TR_10625,AAPL,2026-05-22T13:21:03.553476,2026-05-22T20:54:03.553476,Long,-3.9245,8.7696
TR_10626,ETHUSD,2026-05-22T13:44:22.553476,2026-05-27T05:40:22.553476,Long,-3.537,6.5218
TR_10627,TSLA,2026-05-22T14:23:17.553476,2026-05-24T03:42:17.553476,Short,7.299,0.3717
TR_10628,EURUSD,2026-05-23T01:22:23.553476,2026-05-26T06:06:23.553476,Long,7.037,4.2126
TR_10629,BTCUSD,2026-05-23T03:47:57.553476,2026-05-25T21:29:57.553476,Short,10.0917,0.6537
TR_10630,ETHUSD,2026-05-23T08:23:47.553476,2026-05-27T13:36:47.553476,Long,-3.7914,6.7489
TR_10631,BTCUSD,2026-05-23T11:23:25.553476,2026-05-26T03:41:25.553476,Long,-3.243,6.1206
TR_10632,SOLUSD,2026-05-23T20:39:08.553476,2026-05-26T18:01:08.553476,Short,-3.3839,3.4519
TR_10633,MSFT,2026-05-24T00:29:05.553476,2026-05-24T02:07:05.553476,Long,5.0855,0.1971
TR_10634,AAPL,2026-05-24T01:30:19.553476,2026-05-24T17:56:19.553476,Long,-0.5103,0.8823
TR_10635,AAPL,2026-05-24T03:35:35.553476,2026-05-27T17:37:35.553476,Long,-1.2941,3.0935
TR_10636,NVDA,2026-05-24T10:56:22.553476,2026-05-27T18:22:22.553476,Short,-3.8045,6.0194
TR_10637,BTCUSD,2026-05-24T16:19:52.553476,2026-05-26T14:25:52.553476,Short,8.36,1.4363
TR_10638,NVDA,2026-05-24T16:46:26.553476,2026-05-28T17:47:26.553476,Long,1.419,0.0915
TR_10639,AAPL,2026-05-24T19:48:47.553476,2026-05-26T03:22:47.553476,Long,3.8283,2.2206
TR_10640,MSFT,2026-05-24T21:27:45.553476,2026-05-28T06:58:45.553476,Long,7.3251,0.2868
TR_10641,NVDA,2026-05-25T01:19:04.553476,2026-05-29T16:09:04.553476,Long,-2.2362,5.088
TR_10642,EURUSD,2026-05-25T02:05:10.553476,2026-05-27T07:08:10.553476,Long,10.4502,1.6972
TR_10643,SOLUSD,2026-05-25T02:19:05.553476,2026-05-29T21:48:05.553476,Long,5.5927,0.8708
TR_10644,MSFT,2026-05-25T04:37:49.553476,2026-05-26T07:01:49.553476,Long,3.169,1.7516
TR_10645,ETHUSD,2026-05-25T19:18:00.553476,2026-05-26T23:27:00.553476,Long,5.5003,2.2563
TR_10646,TSLA,2026-05-25T20:09:23.553476,2026-05-29T16:22:23.553476,Long,2.8428,0.9705
TR_10647,TSLA,2026-05-25T22:48:28.553476,2026-05-27T04:13:28.553476,Short,9.989,3.0122
TR_10648,AAPL,2026-05-26T09:14:11.553476,2026-05-30T21:19:11.553476,Long,-1.9031,2.8621
TR_10649,EURUSD,2026-05-26T09:37:13.553476,2026-05-28T04:38:13.553476,Short,3.4827,0.3527
TR_10650,ETHUSD,2026-05-26T12:21:53.553476,2026-05-29T14:03:53.553476,Short,-2.0258,2.8317
TR_10651,BTCUSD,2026-05-26T13:39:06.553476,2026-05-30T19:14:06.553476,Short,12.3711,1.847
TR_10652,MSFT,2026-05-26T18:04:51.553476,2026-05-28T19:38:51.553476,Long,-2.1152,2.2817
TR_10653,NVDA,2026-05-26T18:57:14.553476,2026-05-28T21:41:14.553476,Short,-2.7968,6.1123
TR_10654,EURUSD,2026-05-26T20:00:07.553476,2026-05-29T07:18:07.553476,Short,-3.2684,5.8903
TR_10655,TSLA,2026-05-26T20:18:32.553476,2026-05-27T02:56:32.553476,Long,-3.9916,9.2524
TR_10656,ETHUSD,2026-05-27T02:11:54.553476,2026-05-31T04:23:54.553476,Short,8.1375,1.7066
TR_10657,MSFT,2026-05-27T03:26:47.553476,2026-05-27T10:15:47.553476,Long,-0.8354,1.0238
TR_10658,EURUSD,2026-05-27T05:39:48.553476,2026-05-28T18:44:48.553476,Long,-2.2408,2.3793
TR_10659,MSFT,2026-05-27T07:05:00.553476,2026-06-01T06:34:00.553476,Short,11.0278,1.366
TR_10660,MSFT,2026-05-27T14:59:33.553476,2026-06-01T11:45:33.553476,Long,12.1946,4.0472
TR_10661,BTCUSD,2026-05-28T01:21:18.553476,2026-05-28T22:27:18.553476,Long,-0.437,0.6941
TR_10662,BTCUSD,2026-05-28T02:06:19.553476,2026-05-30T11:34:19.553476,Short,-3.6252,4.4479
TR_10663,EURUSD,2026-05-28T13:46:13.553476,2026-05-30T07:04:13.553476,Short,1.2976,0.3704
TR_10664,ETHUSD,2026-05-28T17:21:22.553476,2026-06-01T20:18:22.553476,Long,-2.1103,4.7678
TR_10665,BTCUSD,2026-05-28T22:00:08.553476,2026-05-31T03:54:08.553476,Short,2.0527,0.7765
TR_10666,TSLA,2026-05-28T22:07:41.553476,2026-06-01T12:21:41.553476,Long,-2.4131,3.5459
TR_10667,TSLA,2026-05-29T08:11:40.553476,2026-06-03T06:05:40.553476,Short,9.2718,4.0151
TR_10668,TSLA,2026-05-29T08:34:07.553476,2026-05-31T06:25:07.553476,Long,-2.6258,4.5637
TR_10669,SOLUSD,2026-05-29T14:13:32.553476,2026-06-01T12:22:32.553476,Long,11.6035,3.7776
TR_10670,AAPL,2026-05-29T16:02:39.553476,2026-06-02T15:31:39.553476,Short,6.853,0.9652
TR_10671,TSLA,2026-05-29T16:51:39.553476,2026-06-02T13:34:39.553476,Short,-2.8353,3.1617
TR_10672,AAPL,2026-05-29T22:43:22.553476,2026-06-03T02:37:22.553476,Long,2.2922,0.1424
TR_10673,AAPL,2026-05-30T02:05:27.553476,2026-05-30T03:57:27.553476,Short,2.2855,1.7649
TR_10674,NVDA,2026-05-30T08:28:37.553476,2026-06-02T06:38:37.553476,Long,-2.7338,6.3681
TR_10675,BTCUSD,2026-05-30T21:07:51.553476,2026-06-02T03:02:51.553476,Long,-1.3239,2.4274
TR_10676,SOLUSD,2026-05-31T00:20:15.553476,2026-06-04T02:47:15.553476,Long,6.1104,4.3187
TR_10677,TSLA,2026-05-31T06:18:45.553476,2026-06-04T21:07:45.553476,Long,-1.0321,1.4286
TR_10678,BTCUSD,2026-05-31T10:25:38.553476,2026-06-03T00:39:38.553476,Short,-2.8396,2.8902
TR_10679,SOLUSD,2026-05-31T16:09:55.553476,2026-06-04T09:53:55.553476,Short,-2.7241,4.7178
TR_10680,BTCUSD,2026-05-31T17:14:33.553476,2026-06-02T16:33:33.553476,Short,-3.9813,8.0832
TR_10681,BTCUSD,2026-05-31T21:09:52.553476,2026-06-03T09:14:52.553476,Short,-0.482,0.8815
TR_10682,AAPL,2026-05-31T23:55:54.553476,2026-06-04T11:52:54.553476,Short,-3.4349,4.2742
TR_10683,TSLA,2026-06-01T07:17:50.553476,2026-06-05T22:45:50.553476,Long,2.5551,0.6676
TR_10684,BTCUSD,2026-06-01T13:12:08.553476,2026-06-02T04:41:08.553476,Long,-3.4812,5.1707
TR_10685,EURUSD,2026-06-02T03:53:41.553476,2026-06-03T22:14:41.553476,Short,1.9932,1.3012
TR_10686,TSLA,2026-06-02T05:50:23.553476,2026-06-03T18:34:23.553476,Short,0.7495,0.4444
TR_10687,BTCUSD,2026-06-02T09:20:34.553476,2026-06-02T18:52:34.553476,Short,5.3691,1.6494
TR_10688,SOLUSD,2026-06-02T17:23:44.553476,2026-06-03T05:28:44.553476,Short,-3.3369,5.8842
TR_10689,ETHUSD,2026-06-02T21:57:53.553476,2026-06-06T10:33:53.553476,Short,-0.3979,0.7365
TR_10690,TSLA,2026-06-02T22:03:57.553476,2026-06-04T17:53:57.553476,Short,12.1446,3.7607
TR_10691,ETHUSD,2026-06-03T03:30:19.553476,2026-06-03T13:04:19.553476,Long,8.0405,2.5395
TR_10692,NVDA,2026-06-03T05:48:36.553476,2026-06-06T05:32:36.553476,Long,6.227,0.3291
TR_10693,TSLA,2026-06-03T06:27:02.553476,2026-06-07T03:24:02.553476,Short,10.6404,1.8959
TR_10694,TSLA,2026-06-03T09:50:17.553476,2026-06-03T12:48:17.553476,Short,-1.8048,3.55
TR_10695,AAPL,2026-06-03T10:16:19.553476,2026-06-03T20:31:19.553476,Short,0.9156,0.5002
TR_10696,AAPL,2026-06-03T18:05:14.553476,2026-06-05T21:49:14.553476,Long,12.1275,3.9346
TR_10697,ETHUSD,2026-06-03T18:35:22.553476,2026-06-03T23:49:22.553476,Short,10.873,4.1192
TR_10698,BTCUSD,2026-06-03T18:49:02.553476,2026-06-08T02:02:02.553476,Long,9.6797,1.9689
TR_10699,TSLA,2026-06-03T19:10:42.553476,2026-06-07T13:49:42.553476,Short,3.5286,0.1791
TR_10700,MSFT,2026-06-04T02:27:52.553476,2026-06-09T00:39:52.553476,Short,-2.0527,3.5985
TR_10701,MSFT,2026-06-04T09:52:52.553476,2026-06-06T19:07:52.553476,Long,0.3731,0.1466
TR_10702,BTCUSD,2026-06-04T10:29:17.553476,2026-06-04T21:03:17.553476,Short,-3.6023,5.6728
TR_10703,NVDA,2026-06-04T11:56:44.553476,2026-06-04T17:29:44.553476,Short,-3.104,5.7819
TR_10704,SOLUSD,2026-06-04T15:51:05.553476,2026-06-09T11:51:05.553476,Short,4.4777,1.7591
TR_10705,TSLA,2026-06-05T01:19:11.553476,2026-06-08T14:48:11.553476,Short,4.2974,1.9551
TR_10706,SOLUSD,2026-06-05T02:56:01.553476,2026-06-08T09:38:01.553476,Short,-2.6476,2.8841
TR_10707,BTCUSD,2026-06-05T19:04:52.553476,2026-06-06T09:12:52.553476,Long,-0.7483,1.1877
TR_10708,BTCUSD,2026-06-05T20:30:03.553476,2026-06-08T06:30:03.553476,Long,-3.145,5.2064
TR_10709,TSLA,2026-06-06T03:00:55.553476,2026-06-06T12:28:55.553476,Short,10.2586,1.4013
TR_10710,NVDA,2026-06-06T08:53:52.553476,2026-06-10T06:16:52.553476,Short,3.0922,0.1567
TR_10711,TSLA,2026-06-06T09:52:52.553476,2026-06-06T14:02:52.553476,Short,-2.7826,6.2729
TR_10712,SOLUSD,2026-06-06T12:15:41.553476,2026-06-10T02:02:41.553476,Long,-3.1443,6.0725
TR_10713,MSFT,2026-06-06T13:35:47.553476,2026-06-09T04:00:47.553476,Short,-1.5692,2.7306
TR_10714,TSLA,2026-06-06T18:33:44.553476,2026-06-07T04:14:44.553476,Long,-1.8143,2.7462
TR_10715,SOLUSD,2026-06-07T06:25:07.553476,2026-06-08T12:18:07.553476,Short,-3.8541,8.7199
TR_10716,AAPL,2026-06-07T08:22:13.553476,2026-06-10T17:48:13.553476,Short,1.4191,0.4024
TR_10717,BTCUSD,2026-06-07T09:07:34.553476,2026-06-10T13:53:34.553476,Short,1.7017,0.1251
TR_10718,EURUSD,2026-06-07T12:39:05.553476,2026-06-07T14:41:05.553476,Long,8.2849,3.2575
TR_10719,TSLA,2026-06-07T14:32:32.553476,2026-06-11T20:31:32.553476,Short,6.9411,0.7412
TR_10720,MSFT,2026-06-07T17:40:04.553476,2026-06-11T05:49:04.553476,Short,5.4272,2.5355
TR_10721,MSFT,2026-06-07T21:09:24.553476,2026-06-11T10:14:24.553476,Long,-1.6947,2.9115
TR_10722,MSFT,2026-06-08T17:28:59.553476,2026-06-09T16:02:59.553476,Long,9.9835,3.3422
TR_10723,MSFT,2026-06-09T03:03:34.553476,2026-06-10T05:10:34.553476,Short,12.1804,1.994
TR_10724,NVDA,2026-06-09T12:15:53.553476,2026-06-10T00:37:53.553476,Short,7.7429,3.7146
TR_10725,BTCUSD,2026-06-09T17:13:14.553476,2026-06-12T00:40:14.553476,Long,2.4654,0.2043
TR_10726,NVDA,2026-06-09T21:40:39.553476,2026-06-10T19:48:39.553476,Long,-3.2728,3.5907
TR_10727,EURUSD,2026-06-10T01:55:31.553476,2026-06-12T15:47:31.553476,Long,3.3879,2.1312
TR_10728,SOLUSD,2026-06-10T04:07:28.553476,2026-06-12T10:12:28.553476,Short,-3.7573,7.933
TR_10729,EURUSD,2026-06-10T09:57:18.553476,2026-06-14T21:45:18.553476,Short,-1.2865,3.1732
TR_10730,ETHUSD,2026-06-10T16:39:20.553476,2026-06-11T23:01:20.553476,Long,4.2129,3.2403
TR_10731,NVDA,2026-06-10T17:58:02.553476,2026-06-15T13:49:02.553476,Long,3.0313,0.4505
TR_10732,SOLUSD,2026-06-10T20:36:52.553476,2026-06-14T13:21:52.553476,Short,3.7008,0.4113
TR_10733,MSFT,2026-06-11T12:20:21.553476,2026-06-14T21:01:21.553476,Long,-3.0438,7.5547
TR_10734,NVDA,2026-06-12T00:20:56.553476,2026-06-13T17:29:56.553476,Short,-2.0107,2.5269
TR_10735,ETHUSD,2026-06-12T01:48:16.553476,2026-06-16T14:43:16.553476,Long,5.7652,3.9797
TR_10736,TSLA,2026-06-12T04:22:39.553476,2026-06-14T02:32:39.553476,Short,10.0185,3.8879
TR_10737,AAPL,2026-06-12T05:03:05.553476,2026-06-16T10:36:05.553476,Short,-3.7336,8.9417
TR_10738,BTCUSD,2026-06-12T09:25:30.553476,2026-06-12T16:17:30.553476,Short,-2.834,3.4068
TR_10739,MSFT,2026-06-12T13:56:58.553476,2026-06-16T19:08:58.553476,Short,-0.4148,0.7317
TR_10740,AAPL,2026-06-12T16:20:44.553476,2026-06-15T06:11:44.553476,Long,10.5649,1.1407
TR_10741,NVDA,2026-06-12T17:12:50.553476,2026-06-15T14:20:50.553476,Short,11.1279,3.5112
TR_10742,MSFT,2026-06-13T01:28:32.553476,2026-06-14T12:00:32.553476,Short,11.0878,3.7842
TR_10743,AAPL,2026-06-13T08:01:25.553476,2026-06-16T15:03:25.553476,Short,2.3806,1.3246
TR_10744,AAPL,2026-06-13T20:11:24.553476,2026-06-18T07:20:24.553476,Long,11.832,1.0016
TR_10745,ETHUSD,2026-06-13T23:56:21.553476,2026-06-14T20:46:21.553476,Short,5.3764,0.6489
TR_10746,ETHUSD,2026-06-14T00:20:50.553476,2026-06-17T13:43:50.553476,Long,-2.2443,5.3702
TR_10747,EURUSD,2026-06-14T01:41:36.553476,2026-06-17T22:37:36.553476,Short,2.808,0.8883
TR_10748,MSFT,2026-06-14T11:19:16.553476,2026-06-18T15:59:16.553476,Short,12.0382,4.3818
TR_10749,SOLUSD,2026-06-14T13:20:24.553476,2026-06-15T16:12:24.553476,Short,1.8141,1.201
TR_10750,SOLUSD,2026-06-14T14:10:29.553476,2026-06-18T23:28:29.553476,Long,-1.835,2.2795
TR_10751,MSFT,2026-06-14T23:41:28.553476,2026-06-19T08:19:28.553476,Long,3.3496,2.4516
TR_10752,ETHUSD,2026-06-15T05:48:07.553476,2026-06-16T13:10:07.553476,Short,-0.4183,0.5135
TR_10753,ETHUSD,2026-06-15T06:19:34.553476,2026-06-15T09:26:34.553476,Short,4.8415,1.4001
TR_10754,NVDA,2026-06-15T10:59:27.553476,2026-06-19T21:47:27.553476,Short,-1.8237,2.0899
TR_10755,ETHUSD,2026-06-15T13:15:05.553476,2026-06-16T18:07:05.553476,Long,-1.5228,3.2907
TR_10756,NVDA,2026-06-15T16:35:21.553476,2026-06-16T18:44:21.553476,Long,11.0515,1.4832
TR_10757,BTCUSD,2026-06-15T21:28:03.553476,2026-06-20T15:23:03.553476,Long,8.5976,3.0202
TR_10758,MSFT,2026-06-16T04:06:12.553476,2026-06-19T07:33:12.553476,Short,-0.5801,0.968
TR_10759,ETHUSD,2026-06-16T04:09:11.553476,2026-06-20T15:36:11.553476,Long,6.5684,1.4671
TR_10760,ETHUSD,2026-06-16T10:12:12.553476,2026-06-17T22:27:12.553476,Short,-0.2061,0.2265
TR_10761,AAPL,2026-06-16T15:10:19.553476,2026-06-17T23:20:19.553476,Long,-3.1866,3.4544
TR_10762,MSFT,2026-06-16T23:55:26.553476,2026-06-20T19:09:26.553476,Short,3.4296,2.23
TR_10763,MSFT,2026-06-17T17:53:47.553476,2026-06-20T13:02:47.553476,Long,3.317,2.5818
TR_10764,SOLUSD,2026-06-18T01:51:53.553476,2026-06-20T05:05:53.553476,Short,6.2729,3.0006
TR_10765,ETHUSD,2026-06-18T02:41:00.553476,2026-06-18T23:10:00.553476,Short,5.8123,0.4634
TR_10766,EURUSD,2026-06-18T04:06:37.553476,2026-06-19T00:18:37.553476,Short,-1.8166,2.3386
TR_10767,MSFT,2026-06-18T05:55:48.553476,2026-06-21T23:18:48.553476,Long,3.9883,0.305
TR_10768,NVDA,2026-06-18T09:49:56.553476,2026-06-21T16:38:56.553476,Short,-1.8833,1.9255
TR_10769,SOLUSD,2026-06-18T15:13:52.553476,2026-06-21T19:43:52.553476,Short,-1.3689,2.0715
TR_10770,TSLA,2026-06-18T19:47:34.553476,2026-06-19T00:57:34.553476,Long,2.7815,1.1244
TR_10771,AAPL,2026-06-18T23:34:49.553476,2026-06-21T01:16:49.553476,Long,7.5295,3.7122
TR_10772,BTCUSD,2026-06-18T23:44:12.553476,2026-06-21T12:49:12.553476,Long,-3.9669,8.053
TR_10773,AAPL,2026-06-19T08:17:19.553476,2026-06-19T11:23:19.553476,Short,0.7631,0.3909
TR_10774,BTCUSD,2026-06-19T14:39:04.553476,2026-06-22T11:54:04.553476,Short,5.6142,3.7101
TR_10775,NVDA,2026-06-19T15:07:04.553476,2026-06-23T12:15:04.553476,Short,3.172,0.7789
TR_10776,SOLUSD,2026-06-19T21:26:24.553476,2026-06-20T17:15:24.553476,Short,5.6568,0.7376
TR_10777,SOLUSD,2026-06-20T04:44:19.553476,2026-06-24T11:25:19.553476,Short,10.9929,1.0171
TR_10778,TSLA,2026-06-20T08:34:42.553476,2026-06-22T17:45:42.553476,Long,-0.659,0.8973
TR_10779,BTCUSD,2026-06-20T12:53:54.553476,2026-06-25T09:36:54.553476,Short,2.2153,1.5165
TR_10780,ETHUSD,2026-06-20T22:04:05.553476,2026-06-24T04:38:05.553476,Long,-2.526,3.4012
TR_10781,SOLUSD,2026-06-21T08:16:02.553476,2026-06-23T08:10:02.553476,Short,2.4525,0.0805
TR_10782,NVDA,2026-06-21T08:35:54.553476,2026-06-23T17:04:54.553476,Short,7.4378,0.9397
TR_10783,AAPL,2026-06-22T03:39:46.553476,2026-06-23T14:16:46.553476,Short,-0.5823,0.8831
TR_10784,MSFT,2026-06-22T05:35:35.553476,2026-06-25T08:51:35.553476,Long,-2.0756,5.0884
TR_10785,AAPL,2026-06-22T09:38:34.553476,2026-06-26T03:16:34.553476,Short,12.2615,1.6699
TR_10786,MSFT,2026-06-22T10:23:14.553476,2026-06-22T12:56:14.553476,Short,1.0596,0.821
TR_10787,SOLUSD,2026-06-22T13:02:34.553476,2026-06-24T10:11:34.553476,Long,0.6533,0.4621
TR_10788,SOLUSD,2026-06-22T18:51:22.553476,2026-06-24T06:13:22.553476,Short,8.3579,0.5197
TR_10789,NVDA,2026-06-23T03:36:44.553476,2026-06-25T17:59:44.553476,Long,-0.5252,0.8011
TR_10790,MSFT,2026-06-23T04:51:18.553476,2026-06-23T16:39:18.553476,Long,4.7493,1.0847
TR_10791,NVDA,2026-06-23T07:33:01.553476,2026-06-28T05:09:01.553476,Short,-0.3262,0.6886
TR_10792,NVDA,2026-06-23T16:39:49.553476,2026-06-23T22:03:49.553476,Long,3.9748,1.3976
TR_10793,TSLA,2026-06-23T18:05:00.553476,2026-06-25T10:28:00.553476,Short,-1.3399,1.516
TR_10794,AAPL,2026-06-23T18:54:12.553476,2026-06-28T09:42:12.553476,Long,11.8776,2.318
TR_10795,NVDA,2026-06-23T21:03:09.553476,2026-06-27T20:17:09.553476,Long,9.3844,0.6612
TR_10796,TSLA,2026-06-24T00:27:06.553476,2026-06-25T10:57:06.553476,Long,4.4853,2.7711
TR_10797,NVDA,2026-06-24T20:52:29.553476,2026-06-29T12:30:29.553476,Long,-3.7234,8.6963
TR_10798,MSFT,2026-06-25T05:45:22.553476,2026-06-29T22:49:22.553476,Long,3.9699,1.0599
TR_10799,SOLUSD,2026-06-25T14:51:49.553476,2026-06-30T14:18:49.553476,Long,7.6131,4.1912
TR_10800,ETHUSD,2026-06-25T15:38:31.553476,2026-06-27T12:05:31.553476,Short,-3.2202,5.355
TR_10801,AAPL,2026-06-25T17:19:30.553476,2026-06-29T12:05:30.553476,Short,11.7763,3.7334
TR_10802,ETHUSD,2026-06-25T18:59:17.553476,2026-06-28T00:23:17.553476,Short,-2.448,5.5888
TR_10803,MSFT,2026-06-25T23:19:11.553476,2026-06-26T08:32:11.553476,Short,7.2637,1.7334
TR_10804,EURUSD,2026-06-26T06:26:09.553476,2026-06-26T22:19:09.553476,Short,8.609,1.3014
TR_10805,BTCUSD,2026-06-26T09:23:11.553476,2026-06-28T17:49:11.553476,Long,9.629,0.8481
TR_10806,TSLA,2026-06-26T10:10:48.553476,2026-06-28T02:48:48.553476,Short,-3.4168,3.7344
TR_10807,TSLA,2026-06-26T17:22:59.553476,2026-06-29T12:17:59.553476,Long,-0.448,0.6311
TR_10808,EURUSD,2026-06-27T01:05:09.553476,2026-06-30T00:57:09.553476,Short,-0.9048,1.2874
TR_10809,ETHUSD,2026-06-27T05:33:35.553476,2026-06-30T19:05:35.553476,Long,0.7272,0.1828
TR_10810,MSFT,2026-06-27T07:24:41.553476,2026-07-02T03:39:41.553476,Short,-3.2186,6.7474
TR_10811,EURUSD,2026-06-27T07:39:55.553476,2026-06-29T20:48:55.553476,Long,4.5771,3.5495
TR_10812,TSLA,2026-06-27T11:42:05.553476,2026-07-01T05:24:05.553476,Short,3.3892,1.108
TR_10813,MSFT,2026-06-27T12:52:58.553476,2026-06-29T02:23:58.553476,Long,-2.3571,2.6274
TR_10814,TSLA,2026-06-27T17:59:58.553476,2026-06-28T07:58:58.553476,Short,3.1057,1.2119
TR_10815,BTCUSD,2026-06-27T18:00:09.553476,2026-07-01T15:39:09.553476,Long,1.3194,1.0074
TR_10816,TSLA,2026-06-27T18:28:03.553476,2026-06-30T14:39:03.553476,Short,1.7197,1.3672
TR_10817,SOLUSD,2026-06-28T00:08:13.553476,2026-07-01T02:40:13.553476,Short,7.7137,1.9558
TR_10818,EURUSD,2026-06-28T02:08:37.553476,2026-06-30T02:07:37.553476,Short,2.1412,0.9845
TR_10819,TSLA,2026-06-28T09:01:20.553476,2026-07-01T20:39:20.553476,Long,-0.828,1.4523
TR_10820,BTCUSD,2026-06-28T12:58:08.553476,2026-06-30T18:40:08.553476,Short,-0.3408,0.7539
TR_10821,BTCUSD,2026-06-28T15:31:50.553476,2026-06-30T09:15:50.553476,Short,-1.801,2.785
TR_10822,NVDA,2026-06-29T00:19:15.553476,2026-07-03T22:42:15.553476,Long,-0.784,1.1921
TR_10823,TSLA,2026-06-29T02:49:32.553476,2026-06-29T22:50:32.553476,Long,9.2413,4.1507
TR_10824,EURUSD,2026-06-29T09:51:34.553476,2026-07-01T23:04:34.553476,Short,10.5422,4.0243
TR_10825,NVDA,2026-06-29T11:27:16.553476,2026-07-01T05:39:16.553476,Long,-2.004,2.3068
TR_10826,MSFT,2026-06-29T20:35:18.553476,2026-06-30T06:48:18.553476,Long,-1.2195,2.4722
TR_10827,BTCUSD,2026-06-29T23:25:59.553476,2026-07-01T10:29:59.553476,Short,-3.5002,4.9582
TR_10828,EURUSD,2026-06-29T23:59:03.553476,2026-07-03T22:10:03.553476,Short,7.7519,3.2543
TR_10829,ETHUSD,2026-06-30T05:38:59.553476,2026-07-03T05:29:59.553476,Long,-2.0294,4.8671
TR_10830,NVDA,2026-06-30T09:41:33.553476,2026-06-30T22:04:33.553476,Long,11.8468,1.7774
TR_10831,TSLA,2026-06-30T09:45:21.553476,2026-07-04T02:43:21.553476,Short,-0.4015,0.6308
TR_10832,EURUSD,2026-06-30T10:35:00.553476,2026-07-04T17:52:00.553476,Short,-1.3571,2.0138
TR_10833,EURUSD,2026-06-30T16:42:15.553476,2026-07-04T15:12:15.553476,Short,6.2826,1.854
TR_10834,BTCUSD,2026-06-30T22:12:17.553476,2026-07-01T06:50:17.553476,Long,-2.969,4.5331
TR_10835,NVDA,2026-06-30T23:32:57.553476,2026-07-03T20:38:57.553476,Short,11.6997,3.5861
TR_10836,SOLUSD,2026-07-01T02:50:58.553476,2026-07-03T07:10:58.553476,Short,3.6406,0.1119
TR_10837,AAPL,2026-07-01T11:50:28.553476,2026-07-05T08:00:28.553476,Long,10.6733,1.8424
TR_10838,ETHUSD,2026-07-01T19:27:55.553476,2026-07-01T23:26:55.553476,Short,10.3127,3.6352
TR_10839,EURUSD,2026-07-01T19:56:39.553476,2026-07-04T19:29:39.553476,Long,5.8743,2.9892
TR_10840,ETHUSD,2026-07-01T20:57:04.553476,2026-07-06T12:13:04.553476,Long,11.1442,2.2808
TR_10841,SOLUSD,2026-07-01T21:52:39.553476,2026-07-03T17:12:39.553476,Short,2.6445,0.3516
TR_10842,ETHUSD,2026-07-02T05:42:21.553476,2026-07-04T15:46:21.553476,Long,-3.9604,8.838
TR_10843,NVDA,2026-07-02T06:00:15.553476,2026-07-07T01:00:15.553476,Long,5.1943,0.3286
TR_10844,ETHUSD,2026-07-02T06:09:38.553476,2026-07-04T03:11:38.553476,Short,2.5024,1.4437
TR_10845,MSFT,2026-07-02T17:48:42.553476,2026-07-03T22:17:42.553476,Long,-3.2259,4.5299
TR_10846,NVDA,2026-07-02T20:30:18.553476,2026-07-05T17:44:18.553476,Short,-2.0958,2.9346
TR_10847,NVDA,2026-07-03T11:50:45.553476,2026-07-04T05:28:45.553476,Long,-3.5347,6.2648
TR_10848,ETHUSD,2026-07-03T16:41:11.553476,2026-07-03T19:59:11.553476,Long,-1.7087,2.4062
TR_10849,AAPL,2026-07-03T17:31:46.553476,2026-07-04T05:36:46.553476,Short,-2.3496,2.9881
